userid,ad1,ad2,ad3,ad4,ad5
234,0,0,1,0,1
235,1,0,0,0,1
236,0,0,1,1,1
237,0,1,1,NaN,1
238,0,1,1,0,0
239,1,1,1,NaN,1
240,1,1,1,0,1
241,1,0,1,0,0
242,1,NaN,1,1,1
243,0,1,0,1,1
244,1,1,1,NaN,1
245,0,0,1,NaN,0
246,1,NaN,0,1,0
247,1,1,1,1,1
248,1,NaN,0,0,1
249,0,1,0,0,0
250,1,0,0,1,1
251,0,1,1,NaN,0
252,1,NaN,0,0,1
253,0,0,1,1,1
254,1,NaN,1,NaN,1
255,1,0,1,1,0
256,0,0,0,NaN,1
257,0,0,1,NaN,1
258,1,1,0,1,0
259,0,NaN,1,NaN,1
260,0,NaN,0,1,0
261,1,1,1,0,1
262,0,1,1,0,1
263,0,1,1,0,1
264,0,0,1,0,1
265,0,1,1,NaN,1
266,0,1,1,1,1
267,1,NaN,1,1,1
268,1,NaN,1,NaN,1
269,1,1,0,1,1
270,0,0,1,0,0
271,0,0,0,0,1
272,1,1,0,1,1
273,0,NaN,0,NaN,0
274,1,1,1,NaN,0
275,1,NaN,1,1,0
276,0,NaN,1,NaN,0
277,1,0,0,0,0
278,0,1,1,1,0
279,0,1,1,0,1
280,1,0,0,0,0
281,1,NaN,1,1,0
282,0,NaN,1,NaN,1
283,1,NaN,1,0,1
284,0,NaN,0,0,1
285,1,NaN,0,1,0
286,0,NaN,0,0,1
287,0,0,0,0,0
288,0,0,0,1,0
289,1,NaN,1,0,1
290,1,1,1,NaN,1
291,1,NaN,1,0,1
292,0,NaN,0,0,1
293,1,0,0,NaN,0
294,1,0,0,1,1
295,1,NaN,1,1,1
296,0,1,0,0,1
297,0,1,1,1,1
298,1,NaN,1,NaN,1
299,0,1,0,NaN,1
300,0,0,0,NaN,0
301,1,1,0,0,0
302,1,NaN,0,1,0
303,0,NaN,0,NaN,0
304,1,0,0,1,0
305,1,0,1,1,1
306,0,1,0,1,1
307,1,NaN,0,NaN,1
308,1,NaN,0,1,1
309,0,1,0,1,1
310,1,0,0,0,0
311,1,0,1,1,0
312,1,NaN,0,1,1
313,1,NaN,0,0,0
314,1,0,0,1,1
315,0,NaN,1,NaN,1
316,0,0,0,0,1
317,0,0,0,1,0
318,1,NaN,1,0,1
319,0,NaN,0,1,0
320,1,1,0,1,0
321,1,NaN,1,0,1
322,0,1,0,NaN,1
323,1,NaN,0,NaN,1
324,0,0,0,1,0
325,0,NaN,1,NaN,0
326,1,0,1,0,0
327,0,1,0,1,0
328,1,1,1,0,0
329,0,0,0,0,1
330,0,1,1,0,0
331,1,0,1,0,1
332,0,0,0,0,1
333,0,0,0,1,0
334,0,1,1,1,0
335,0,1,1,1,0
336,0,0,1,1,1
337,0,0,0,1,0
338,0,1,0,1,1
339,1,NaN,1,1,0
340,0,1,0,0,0
341,0,1,1,0,0
342,0,0,1,0,0
343,0,1,0,0,1
344,1,1,1,0,0
345,1,NaN,0,0,0
346,1,0,1,1,1
347,1,1,1,1,1
348,1,1,1,1,0
349,1,1,0,0,1
350,1,NaN,0,NaN,0
351,1,NaN,0,0,0
352,0,NaN,1,1,1
353,0,0,0,NaN,1
354,0,NaN,1,0,1
355,0,1,1,0,1
356,1,NaN,1,0,1
357,1,1,0,1,0
358,0,NaN,0,0,0
359,0,NaN,0,NaN,1
360,0,0,1,0,0
361,0,1,0,NaN,1
362,1,NaN,0,NaN,0
363,1,0,0,0,0
364,1,0,1,1,1
365,1,0,1,NaN,1
366,1,0,1,1,0
367,1,0,0,0,1
368,1,NaN,1,0,0
369,1,1,1,1,0
370,0,1,1,1,1
371,1,NaN,1,1,1
372,0,0,1,1,0
373,1,1,0,0,1
374,0,0,0,1,1
375,0,NaN,1,0,0
376,1,0,1,1,0
377,1,1,0,NaN,1
378,0,0,1,0,0
379,0,0,1,1,0
380,0,0,0,NaN,1
381,0,0,1,0,1
382,1,1,0,1,1
383,0,0,0,0,0
384,0,1,0,0,0
385,1,1,0,0,1
386,0,1,1,NaN,1
387,0,NaN,0,NaN,1
388,1,0,0,0,0
389,0,1,1,0,1
390,1,0,1,1,0
391,0,1,0,0,1
392,1,1,1,NaN,1
393,0,NaN,1,0,1
394,1,NaN,0,0,0
395,1,1,0,NaN,0
396,0,0,0,0,0
397,1,0,1,1,1
398,0,0,1,NaN,0
399,0,NaN,1,1,0
400,0,0,0,0,1
401,0,0,1,1,0
402,1,1,0,NaN,0
403,0,NaN,1,0,1
404,0,NaN,0,NaN,0
405,0,1,0,0,0
406,0,NaN,1,NaN,1
407,1,NaN,1,0,1
408,0,1,0,0,1
409,0,1,0,1,0
410,1,1,1,1,1
411,1,1,0,NaN,0
412,1,0,0,NaN,0
413,0,NaN,1,1,0
414,1,0,1,NaN,0
415,0,0,0,1,0
416,0,0,0,0,0
417,0,1,1,0,1
418,1,NaN,0,NaN,1
419,1,1,1,1,0
420,1,NaN,1,0,0
421,0,1,0,0,0
422,1,1,1,0,1
423,0,NaN,1,1,0
424,1,1,1,1,1
425,0,NaN,0,0,0
426,1,NaN,0,NaN,0
427,0,NaN,1,1,0
428,1,1,1,NaN,1
429,1,NaN,0,0,0
430,0,NaN,1,1,0
431,0,1,0,NaN,0
432,1,NaN,1,1,0
433,0,NaN,1,1,0
434,1,1,1,NaN,0
435,1,1,1,1,0
436,1,NaN,1,NaN,0
437,0,1,1,NaN,0
438,1,1,0,0,0
439,1,NaN,0,0,1
440,0,0,1,0,0
441,0,NaN,1,NaN,1
442,1,0,1,0,0
443,0,NaN,0,NaN,1
444,1,1,0,1,1
445,1,1,0,NaN,0
446,1,NaN,0,0,1
447,0,NaN,1,NaN,1
448,1,1,0,1,1
449,1,NaN,1,NaN,1
450,0,1,0,1,1
451,0,1,1,0,1
452,1,0,0,0,0
453,1,NaN,1,0,1
454,0,1,1,NaN,0
455,0,1,1,0,1
456,0,NaN,0,1,1
457,0,0,1,1,0
458,0,1,0,NaN,0
459,0,NaN,1,0,1
460,1,NaN,1,1,0
461,1,1,0,1,1
462,0,1,0,NaN,1
463,1,0,0,1,1
464,0,1,1,NaN,1
465,1,NaN,0,0,0
466,0,1,0,NaN,1
467,0,1,0,NaN,0
468,1,NaN,1,0,1
469,0,0,0,NaN,1
470,1,NaN,0,0,0
471,1,NaN,0,1,0
472,1,0,1,0,0
473,1,1,1,1,1
474,0,NaN,0,NaN,1
475,0,1,0,NaN,0
476,1,0,1,NaN,0
477,0,1,0,1,0
478,0,NaN,0,1,1
479,0,0,0,0,0
480,0,0,1,1,0
481,1,0,0,NaN,0
482,1,1,1,1,0
483,1,NaN,1,1,1
484,0,0,0,1,0
485,1,NaN,1,1,1
486,1,NaN,0,NaN,0
487,1,1,0,0,1
488,0,0,1,1,1
489,1,0,1,0,1
490,0,NaN,0,0,0
491,0,NaN,1,NaN,0
492,1,NaN,1,0,0
493,0,0,1,NaN,1
494,0,0,1,NaN,0
495,0,0,1,NaN,1
496,1,NaN,1,0,1
497,0,NaN,1,1,1
498,0,1,0,0,0
499,0,1,1,NaN,1
500,0,1,1,0,1
501,1,1,1,NaN,1
502,0,0,1,1,1
503,1,1,0,NaN,0
504,1,NaN,0,0,1
505,0,1,1,0,0
506,1,0,1,0,0
507,1,NaN,0,0,0
508,1,1,1,1,0
509,1,0,1,0,0
510,0,0,0,0,1
511,0,1,0,NaN,0
512,1,1,1,NaN,1
513,1,NaN,0,0,0
514,0,0,1,0,1
515,0,0,0,NaN,1
516,1,1,1,0,1
517,0,1,0,0,1
518,0,0,1,NaN,1
519,1,NaN,1,NaN,1
520,1,1,0,1,1
521,1,1,0,1,0
522,1,NaN,1,1,1
523,1,1,1,0,1
524,1,0,1,0,1
525,0,NaN,1,NaN,1
526,1,0,0,1,1
527,0,1,0,0,1
528,1,NaN,0,0,1
529,1,0,0,NaN,1
530,1,0,0,1,0
531,1,NaN,0,1,0
532,0,1,1,NaN,0
533,1,0,0,1,0
534,0,0,1,1,0
535,0,1,1,0,0
536,1,0,1,0,0
537,1,NaN,0,1,1
538,0,0,0,NaN,1
539,0,NaN,0,0,1
540,1,1,0,1,1
541,1,0,0,0,0
542,1,NaN,1,1,0
543,1,1,0,0,1
544,1,0,1,0,1
545,0,1,1,1,0
546,1,0,0,0,0
547,0,1,0,0,1
548,0,NaN,0,1,0
549,0,0,0,0,0
550,1,0,1,0,1
551,0,0,1,1,1
552,0,1,0,NaN,0
553,1,0,1,1,1
554,0,0,0,1,0
555,1,1,0,1,1
556,1,NaN,0,0,0
557,1,NaN,1,NaN,1
558,0,0,0,NaN,0
559,0,NaN,0,0,0
560,1,1,1,1,0
561,0,0,0,1,1
562,0,0,1,NaN,0
563,1,1,1,1,1
564,0,1,1,1,1
565,1,0,0,1,1
566,1,1,0,NaN,1
567,1,NaN,0,0,0
568,0,0,0,NaN,1
569,1,NaN,0,1,1
570,0,1,1,1,1
571,0,0,1,0,0
572,0,0,0,0,1
573,1,1,0,1,0
574,1,1,0,NaN,0
575,0,1,0,0,0
576,1,NaN,1,NaN,0
577,0,0,0,NaN,0
578,1,1,0,NaN,0
579,0,NaN,0,1,1
580,1,1,1,0,1
581,1,0,1,0,0
582,0,NaN,1,NaN,0
583,0,1,0,NaN,1
584,0,NaN,0,0,0
585,1,0,0,NaN,0
586,1,1,1,0,1
587,0,1,1,1,1
588,0,1,0,1,0
589,1,1,1,0,0
590,0,NaN,1,0,0
591,1,0,0,NaN,1
592,1,0,1,NaN,0
593,1,1,1,NaN,0
594,1,NaN,0,NaN,0
595,0,NaN,0,0,0
596,0,0,0,0,0
597,1,1,0,0,0
598,0,NaN,0,0,0
599,0,NaN,0,NaN,1
600,1,NaN,1,1,1
601,0,0,1,0,1
602,0,1,0,NaN,1
603,1,0,1,NaN,1
604,1,NaN,0,0,0
605,0,0,0,0,0
606,1,0,0,NaN,0
607,0,NaN,0,NaN,1
608,1,1,0,NaN,1
609,0,1,0,0,0
610,0,NaN,0,1,0
611,0,NaN,1,1,0
612,1,1,1,0,0
613,1,1,1,0,0
614,0,1,0,0,0
615,1,1,1,0,0
616,0,1,1,NaN,1
617,0,NaN,1,1,0
618,0,NaN,1,1,0
619,1,1,0,0,0
620,1,1,0,0,1
621,0,0,0,0,0
622,1,0,1,1,1
623,1,0,1,NaN,1
624,1,NaN,1,NaN,1
625,0,1,0,NaN,0
626,0,1,1,0,0
627,1,NaN,0,0,1
628,1,0,0,1,0
629,0,NaN,0,1,1
630,1,0,0,1,0
631,1,NaN,0,NaN,0
632,0,1,1,NaN,1
633,0,1,0,NaN,0
634,0,0,0,1,1
635,1,NaN,0,NaN,1
636,1,NaN,0,0,1
637,1,NaN,1,0,1
638,0,1,0,NaN,1
639,0,0,1,NaN,0
640,1,1,1,NaN,1
641,0,1,1,1,0
642,1,0,0,NaN,0
643,0,NaN,1,NaN,0
644,1,NaN,0,1,0
645,0,1,0,NaN,0
646,0,1,1,NaN,1
647,0,NaN,1,1,1
648,0,0,1,NaN,0
649,0,NaN,1,1,1
650,1,1,0,0,0
651,0,0,1,0,1
652,0,NaN,1,1,0
653,1,NaN,0,NaN,0
654,0,0,1,0,0
655,1,0,0,1,0
656,1,NaN,1,1,0
657,1,1,1,1,1
658,0,NaN,0,NaN,0
659,1,0,1,1,0
660,0,0,1,1,1
661,0,1,0,0,1
662,0,1,1,0,1
663,0,0,1,NaN,0
664,1,NaN,0,0,1
665,0,1,1,0,1
666,1,0,0,0,1
667,0,0,1,0,0
668,0,1,0,NaN,1
669,1,1,1,1,1
670,1,NaN,1,NaN,1
671,0,NaN,0,0,1
672,0,NaN,0,1,1
673,0,0,0,1,1
674,1,1,0,1,0
675,0,0,0,NaN,1
676,0,NaN,0,1,0
677,1,NaN,0,0,0
678,0,NaN,1,NaN,1
679,0,1,1,NaN,0
680,0,NaN,1,1,0
681,1,1,1,NaN,1
682,1,0,1,0,1
683,1,0,0,0,0
684,1,NaN,0,NaN,1
685,1,0,0,NaN,0
686,1,0,1,1,1
687,0,1,0,0,0
688,0,0,1,NaN,0
689,0,0,1,NaN,0
690,1,NaN,1,0,0
691,1,1,0,0,0
692,0,1,1,1,0
693,1,1,0,1,1
694,0,1,0,0,0
695,0,0,1,0,1
696,0,1,1,1,1
697,1,0,1,1,0
698,0,NaN,1,1,1
699,0,0,1,1,1
700,1,NaN,1,0,1
701,0,0,0,NaN,1
702,0,1,1,1,0
703,1,NaN,0,0,1
704,0,0,1,1,1
705,0,0,0,0,1
706,1,1,0,NaN,1
707,0,0,0,NaN,0
708,1,0,0,0,0
709,0,1,0,1,1
710,0,NaN,1,1,0
711,1,NaN,1,1,1
712,1,0,1,1,0
713,0,NaN,1,1,1
714,1,0,1,0,1
715,1,1,0,NaN,0
716,0,NaN,0,0,0
717,0,0,0,0,0
718,1,NaN,1,NaN,0
719,1,1,1,1,1
720,0,1,0,NaN,1
721,1,1,1,0,1
722,0,1,1,NaN,1
723,1,0,1,1,0
724,0,NaN,0,NaN,0
725,0,0,0,1,0
726,1,1,1,0,0
727,1,1,0,0,1
728,1,0,1,NaN,0
729,0,0,1,NaN,1
730,0,NaN,1,1,0
731,1,NaN,0,0,1
732,1,NaN,1,0,1
733,1,0,1,1,0
734,1,NaN,0,0,1
735,1,NaN,0,1,1
736,0,1,0,0,1
737,1,NaN,1,0,1
738,0,1,0,1,1
739,0,0,1,0,1
740,1,0,0,0,0
741,0,NaN,1,0,0
742,0,NaN,0,0,0
743,0,NaN,0,0,1
744,1,1,0,1,1
745,0,1,0,1,0
746,0,1,0,1,1
747,0,NaN,1,NaN,1
748,1,0,1,NaN,1
749,1,NaN,0,1,0
750,1,NaN,0,NaN,0
751,1,0,1,NaN,0
752,1,0,1,1,0
753,1,1,0,0,0
754,0,0,0,0,0
755,0,1,1,NaN,0
756,1,0,0,1,0
757,0,1,1,NaN,0
758,1,1,0,0,0
759,1,0,1,NaN,1
760,1,1,0,1,0
761,0,0,0,NaN,1
762,0,1,1,NaN,0
763,1,NaN,0,1,0
764,0,0,0,NaN,0
765,0,NaN,1,1,1
766,1,NaN,0,0,1
767,1,1,0,NaN,1
768,0,NaN,1,NaN,0
769,1,NaN,0,1,1
770,0,NaN,1,NaN,1
771,0,0,0,0,0
772,1,NaN,1,NaN,0
773,1,0,1,0,1
774,1,NaN,1,0,1
775,0,1,0,1,0
776,0,0,1,0,0
777,1,NaN,0,1,0
778,0,1,1,0,1
779,1,0,1,NaN,0
780,0,1,0,1,0
781,1,0,0,1,0
782,1,1,0,1,0
783,1,1,1,0,0
784,1,0,1,0,1
785,0,0,0,0,0
786,1,NaN,0,NaN,1
787,0,NaN,1,0,0
788,0,1,0,0,0
789,0,NaN,0,NaN,1
790,0,NaN,0,0,1
791,1,1,0,0,0
792,0,1,0,0,0
793,0,NaN,0,1,1
794,0,NaN,1,0,1
795,0,NaN,0,0,1
796,1,1,1,NaN,0
797,1,0,1,NaN,1
798,1,NaN,1,1,0
799,1,0,0,0,1
800,0,0,0,1,1
801,1,0,0,0,0
802,1,1,1,1,1
803,1,NaN,1,1,0
804,0,0,1,0,1
805,0,0,0,NaN,1
806,1,1,1,0,1
807,1,1,1,1,0
808,1,0,0,1,1
809,1,1,0,0,0
810,1,0,0,NaN,1
811,0,0,1,NaN,1
812,0,1,1,NaN,1
813,0,0,0,1,1
814,1,NaN,1,0,0
815,0,0,0,1,0
816,0,0,0,1,0
817,0,NaN,1,NaN,0
818,1,1,0,1,0
819,0,NaN,1,0,1
820,0,1,0,NaN,1
821,1,1,1,1,0
822,1,1,1,1,0
823,1,NaN,0,0,1
824,0,1,0,NaN,1
825,0,NaN,1,NaN,0
826,1,NaN,0,0,0
827,1,NaN,0,NaN,0
828,0,0,1,0,0
829,1,NaN,0,NaN,0
830,0,1,1,0,1
831,1,1,0,1,0
832,0,0,0,0,1
833,0,1,0,1,0
834,0,NaN,0,1,0
835,0,0,0,0,0
836,1,0,0,0,1
837,1,1,0,0,1
838,1,1,0,1,0
839,0,1,0,0,0
840,0,1,1,NaN,0
841,0,0,0,0,0
842,1,1,0,NaN,0
843,1,1,1,NaN,1
844,0,1,1,0,0
845,0,1,1,0,0
846,0,NaN,0,0,0
847,0,1,0,0,1
848,1,0,0,0,1
849,0,0,0,NaN,1
850,1,0,0,0,0
851,1,0,1,1,0
852,1,0,1,1,1
853,1,0,1,1,1
854,0,0,0,0,0
855,1,NaN,0,1,1
856,1,NaN,1,NaN,1
857,1,NaN,0,1,0
858,0,NaN,1,0,0
859,1,NaN,1,1,1
860,0,0,1,NaN,1
861,0,0,0,1,0
862,0,NaN,0,1,0
863,0,0,1,NaN,0
864,0,1,1,1,0
865,1,0,0,1,1
866,0,0,1,NaN,1
867,1,0,0,0,1
868,0,0,1,NaN,1
869,1,1,0,NaN,1
870,0,1,0,0,0
871,1,0,1,NaN,1
872,0,1,0,NaN,0
873,1,0,1,NaN,0
874,0,1,0,NaN,0
875,0,1,1,0,1
876,0,1,0,NaN,1
877,1,NaN,0,1,1
878,1,NaN,0,NaN,1
879,1,NaN,0,NaN,0
880,0,NaN,0,NaN,0
881,0,1,1,NaN,0
882,1,0,1,0,1
883,0,NaN,1,1,1
884,0,0,0,1,1
885,1,1,0,NaN,1
886,1,NaN,1,1,0
887,0,NaN,0,0,1
888,1,1,1,NaN,1
889,1,0,0,NaN,0
890,1,NaN,1,0,1
891,0,1,1,NaN,1
892,1,NaN,0,1,0
893,1,1,0,1,0
894,0,0,1,1,0
895,1,1,1,0,1
896,0,NaN,1,NaN,0
897,1,1,0,NaN,0
898,0,0,1,0,0
899,0,NaN,1,1,1
900,0,1,0,0,1
901,0,1,0,1,0
902,0,NaN,1,NaN,1
903,0,NaN,1,NaN,0
904,0,NaN,1,0,0
905,0,1,1,NaN,0
906,0,1,0,NaN,1
907,0,NaN,1,0,0
908,0,0,1,0,0
909,0,0,0,1,0
910,1,0,1,0,1
911,0,1,1,1,1
912,1,NaN,1,0,0
913,1,0,1,1,1
914,1,0,1,0,1
915,0,NaN,0,NaN,1
916,1,0,0,1,0
917,1,0,0,NaN,0
918,0,1,1,NaN,1
919,1,1,0,1,1
920,1,1,0,NaN,0
921,0,0,0,NaN,1
922,1,1,0,0,0
923,0,0,1,1,1
924,1,NaN,1,NaN,0
925,1,NaN,1,1,0
926,1,1,1,0,1
927,1,0,0,0,1
928,1,NaN,1,NaN,1
929,1,NaN,0,0,0
930,1,NaN,1,1,0
931,1,0,0,0,1
932,1,1,0,1,1
933,1,1,1,NaN,0
934,0,0,1,1,0
935,0,0,0,NaN,0
936,0,0,0,NaN,1
937,1,NaN,1,0,1
938,1,1,0,1,1
939,1,0,1,NaN,1
940,1,0,0,1,0
941,1,NaN,0,1,1
942,1,NaN,0,NaN,0
943,0,0,1,1,1
944,0,1,0,NaN,1
945,1,1,0,0,1
946,0,0,0,NaN,1
947,0,0,1,0,0
948,1,NaN,0,0,0
949,1,NaN,1,1,1
950,1,0,0,NaN,0
951,1,0,0,0,0
952,0,0,0,1,0
953,1,NaN,0,0,1
954,0,NaN,0,NaN,1
955,0,NaN,0,0,1
956,0,1,1,NaN,0
957,0,NaN,0,1,0
958,0,0,1,1,1
959,0,0,1,0,1
960,0,0,0,1,0
961,0,1,0,1,1
962,1,0,0,0,0
963,0,0,0,NaN,1
964,0,NaN,1,1,1
965,1,1,1,0,0
966,1,NaN,1,1,1
967,1,NaN,1,0,1
968,0,NaN,1,1,0
969,1,1,0,NaN,1
970,0,NaN,1,NaN,1
971,0,NaN,0,NaN,0
972,1,1,0,NaN,0
973,0,NaN,0,1,1
974,1,1,0,NaN,0
975,0,NaN,0,1,0
976,0,1,1,1,1
977,0,NaN,1,1,1
978,0,1,1,1,0
979,0,0,1,1,0
980,0,NaN,0,NaN,1
981,1,0,0,1,1
982,1,NaN,1,0,0
983,1,0,0,1,1
984,0,0,0,1,1
985,1,0,0,NaN,1
986,0,NaN,0,0,0
987,1,1,0,NaN,0
988,0,0,0,0,1
989,0,NaN,0,1,0
990,1,NaN,1,0,0
991,1,1,1,NaN,0
992,1,NaN,0,1,1
993,0,1,1,1,0
994,0,1,1,0,1
995,1,0,0,0,0
996,0,1,0,NaN,0
997,1,NaN,1,NaN,0
998,1,0,1,0,0
999,0,0,1,NaN,0
1000,1,NaN,1,1,1
1001,0,0,0,1,1
1002,0,1,1,1,1
1003,0,0,1,NaN,1
1004,0,1,1,1,0
1005,1,0,0,0,0
1006,1,0,1,1,0
1007,0,1,0,NaN,1
1008,0,0,1,1,1
1009,1,NaN,1,0,1
1010,1,NaN,0,1,0
1011,1,NaN,0,NaN,1
1012,1,0,1,1,0
1013,0,NaN,1,0,1
1014,0,NaN,0,0,0
1015,1,0,0,1,1
1016,0,0,1,0,0
1017,0,1,0,0,1
1018,1,1,0,1,0
1019,0,NaN,0,1,1
1020,0,NaN,0,NaN,0
1021,0,NaN,0,NaN,0
1022,1,0,1,0,0
1023,1,1,0,0,0
1024,0,0,0,NaN,1
1025,0,1,0,NaN,1
1026,0,1,0,0,0
1027,0,1,1,1,0
1028,1,0,1,1,1
1029,1,1,1,0,1
1030,0,1,0,0,0
1031,1,1,0,1,0
1032,1,NaN,1,1,0
1033,1,NaN,0,1,0
1034,0,1,0,1,0
1035,1,1,1,NaN,0
1036,1,NaN,0,1,1
1037,1,0,0,0,1
1038,0,1,0,1,1
1039,1,NaN,0,NaN,0
1040,1,0,1,NaN,0
1041,0,1,0,NaN,0
1042,1,NaN,1,NaN,1
1043,1,1,0,0,1
1044,0,0,1,1,1
1045,0,NaN,0,NaN,1
1046,0,0,0,0,1
1047,0,NaN,1,1,0
1048,0,0,1,1,1
1049,0,0,0,NaN,0
1050,1,0,1,0,0
1051,1,1,1,1,1
1052,1,1,1,1,1
1053,0,0,0,1,1
1054,0,1,1,0,1
1055,1,0,1,NaN,0
1056,1,0,1,NaN,0
1057,0,1,1,1,1
1058,1,1,1,0,0
1059,1,NaN,0,1,0
1060,0,NaN,1,1,0
1061,0,NaN,1,0,1
1062,0,NaN,0,1,1
1063,0,1,0,0,1
1064,0,NaN,0,1,1
1065,0,NaN,1,0,1
1066,1,1,0,0,1
1067,1,NaN,1,0,1
1068,1,0,1,NaN,1
1069,1,1,0,NaN,0
1070,0,1,1,NaN,1
1071,1,NaN,0,NaN,0
1072,0,1,0,NaN,0
1073,0,1,1,0,1
1074,0,1,1,0,1
1075,0,0,0,NaN,1
1076,0,1,1,NaN,0
1077,0,0,0,0,0
1078,0,1,1,NaN,0
1079,1,0,1,0,1
1080,1,0,1,NaN,1
1081,0,1,0,NaN,1
1082,1,1,1,0,0
1083,1,NaN,0,0,1
1084,0,1,1,0,1
1085,1,1,0,1,0
1086,1,1,0,NaN,1
1087,1,NaN,1,NaN,1
1088,0,1,1,0,1
1089,0,NaN,1,1,1
1090,0,1,0,NaN,1
1091,0,NaN,1,1,1
1092,0,1,0,1,0
1093,0,1,1,NaN,0
1094,0,1,0,1,0
1095,1,1,0,0,1
1096,0,0,0,1,0
1097,1,NaN,0,0,1
1098,1,1,1,0,0
1099,1,0,1,0,0
1100,0,1,0,0,0
1101,0,NaN,0,NaN,1
1102,0,NaN,0,0,1
1103,0,0,0,1,1
1104,1,1,1,NaN,0
1105,1,NaN,0,NaN,1
1106,1,0,1,0,1
1107,0,0,0,0,1
1108,1,0,0,NaN,0
1109,1,0,0,0,1
1110,0,NaN,1,NaN,1
1111,0,0,0,NaN,1
1112,1,NaN,0,1,0
1113,1,0,1,0,0
1114,1,0,1,NaN,0
1115,0,1,1,0,1
1116,0,1,1,NaN,0
1117,0,NaN,1,NaN,0
1118,1,NaN,1,1,0
1119,0,0,1,0,0
1120,1,0,0,0,1
1121,1,NaN,0,0,1
1122,1,NaN,1,0,1
1123,1,0,0,1,1
1124,0,0,1,0,0
1125,0,1,1,1,1
1126,1,NaN,0,NaN,0
1127,0,1,0,NaN,0
1128,1,1,0,1,1
1129,0,NaN,1,0,1
1130,1,1,1,1,1
1131,0,0,0,0,1
1132,1,NaN,1,0,0
1133,0,1,1,0,0
1134,0,0,1,1,1
1135,1,1,0,NaN,1
1136,0,NaN,1,NaN,1
1137,1,0,0,NaN,0
1138,0,0,1,1,0
1139,1,1,1,0,0
1140,1,NaN,1,0,0
1141,0,NaN,0,NaN,0
1142,1,NaN,1,1,0
1143,1,1,1,0,1
1144,1,1,1,NaN,0
1145,1,NaN,1,1,0
1146,1,1,0,0,1
1147,0,0,0,0,1
1148,1,NaN,1,1,0
1149,1,1,1,NaN,1
1150,1,NaN,0,1,1
1151,0,0,1,0,1
1152,1,NaN,1,1,1
1153,1,1,1,NaN,0
1154,1,1,0,1,0
1155,1,0,0,1,0
1156,1,NaN,1,NaN,0
1157,1,NaN,1,0,0
1158,0,NaN,0,1,0
1159,0,0,0,NaN,0
1160,0,1,0,1,0
1161,0,0,1,1,0
1162,0,NaN,1,1,1
1163,1,NaN,0,0,1
1164,0,0,1,0,0
1165,1,1,1,0,0
1166,1,0,1,NaN,0
1167,0,NaN,0,0,1
1168,0,1,1,NaN,1
1169,1,0,0,NaN,0
1170,0,1,0,0,1
1171,0,1,1,0,1
1172,1,1,1,1,0
1173,0,0,1,NaN,1
1174,0,1,0,1,1
1175,1,NaN,0,NaN,1
1176,1,0,1,NaN,0
1177,0,0,0,NaN,1
1178,0,1,0,1,1
1179,0,0,1,1,1
1180,0,0,0,1,0
1181,0,0,0,1,0
1182,1,0,1,0,0
1183,0,1,0,NaN,0
1184,1,NaN,0,0,1
1185,1,0,1,1,1
1186,1,0,0,1,1
1187,1,NaN,1,NaN,1
1188,0,NaN,0,0,0
1189,1,0,0,0,1
1190,0,1,1,NaN,0
1191,1,1,1,1,0
1192,1,1,1,NaN,0
1193,1,NaN,1,1,1
1194,1,1,1,0,1
1195,0,NaN,1,1,0
1196,0,NaN,1,NaN,1
1197,0,0,1,0,0
1198,1,1,1,1,0
1199,0,NaN,1,0,0
1200,0,1,1,0,0
1201,0,NaN,0,0,0
1202,1,0,0,0,0
1203,1,0,0,NaN,0
1204,0,1,1,0,0
1205,0,NaN,0,0,1
1206,1,1,0,NaN,0
1207,0,1,0,NaN,1
1208,1,0,1,1,1
1209,0,1,0,1,1
1210,1,1,1,1,1
1211,0,NaN,1,NaN,0
1212,1,1,1,0,1
1213,1,1,1,1,0
1214,0,NaN,0,1,0
1215,0,NaN,1,NaN,0
1216,0,0,1,0,0
1217,0,1,0,0,1
1218,1,1,0,NaN,0
1219,0,NaN,1,0,0
1220,1,1,0,NaN,1
1221,1,1,1,0,1
1222,1,NaN,0,NaN,0
1223,1,0,1,1,0
1224,1,1,1,1,0
1225,1,1,0,0,0
1226,1,NaN,1,0,1
1227,1,NaN,0,NaN,1
1228,1,1,1,NaN,1
1229,0,1,0,0,0
1230,0,1,0,NaN,0
1231,1,1,1,1,1
1232,0,0,0,NaN,0
1233,1,0,1,1,1
1234,1,0,1,0,0
1235,0,0,1,0,0
1236,0,1,1,0,1
1237,0,1,1,0,1
1238,0,1,1,1,1
1239,1,1,0,1,1
1240,1,1,1,NaN,1
1241,1,NaN,1,0,0
1242,0,1,0,1,1
1243,1,0,1,NaN,1
1244,1,0,0,1,0
1245,0,0,0,0,0
1246,0,1,1,1,1
1247,0,NaN,1,0,1
1248,1,0,1,NaN,1
1249,1,1,1,0,1
1250,0,NaN,1,1,0
1251,0,1,1,1,1
1252,0,0,1,1,0
1253,0,1,1,NaN,1
1254,1,1,0,1,1
1255,1,0,1,NaN,1
1256,0,NaN,1,0,1
1257,1,NaN,1,0,1
1258,0,1,1,0,1
1259,1,1,0,1,0
1260,0,0,1,NaN,1
1261,1,1,0,1,1
1262,0,1,0,0,0
1263,0,NaN,1,NaN,1
1264,0,NaN,0,NaN,0
1265,0,NaN,1,0,0
1266,1,NaN,1,1,1
1267,1,1,1,NaN,0
1268,1,0,1,0,1
1269,0,0,1,0,0
1270,0,1,0,1,0
1271,1,1,0,0,1
1272,1,1,1,NaN,1
1273,0,NaN,1,NaN,0
1274,1,0,0,1,0
1275,0,1,0,1,0
1276,1,0,0,NaN,1
1277,0,NaN,1,0,1
1278,0,0,0,1,1
1279,1,0,0,1,1
1280,1,1,0,0,0
1281,0,1,0,1,1
1282,1,NaN,1,NaN,1
1283,1,NaN,0,NaN,0
1284,1,0,1,NaN,0
1285,0,0,1,NaN,1
1286,1,1,1,NaN,1
1287,0,NaN,0,NaN,1
1288,0,NaN,1,0,1
1289,0,0,1,NaN,1
1290,1,0,0,0,0
1291,1,0,0,0,0
1292,1,0,0,1,1
1293,0,1,0,NaN,0
1294,1,NaN,0,0,0
1295,0,NaN,1,NaN,1
1296,1,1,0,1,1
1297,1,0,0,NaN,0
1298,0,NaN,1,1,0
1299,0,NaN,0,1,0
1300,1,0,1,NaN,1
1301,1,NaN,0,1,1
1302,0,NaN,1,NaN,1
1303,1,1,0,0,1
1304,0,0,0,0,0
1305,1,NaN,1,0,0
1306,1,0,0,0,0
1307,1,1,1,NaN,1
1308,0,NaN,1,NaN,1
1309,1,0,0,NaN,1
1310,0,NaN,0,NaN,1
1311,0,0,0,1,0
1312,1,0,0,NaN,0
1313,0,1,0,NaN,1
1314,0,0,1,1,1
1315,1,0,1,0,0
1316,1,NaN,1,1,0
1317,0,1,1,0,0
1318,0,0,1,NaN,0
1319,0,1,1,0,1
1320,1,1,0,1,0
1321,0,1,0,0,0
1322,0,NaN,1,1,1
1323,1,NaN,1,NaN,1
1324,1,1,1,0,0
1325,1,1,1,0,1
1326,1,NaN,1,NaN,1
1327,0,1,1,NaN,0
1328,0,1,1,0,0
1329,0,1,1,0,1
1330,1,0,1,0,1
1331,0,1,1,0,0
1332,1,1,1,NaN,0
1333,0,NaN,0,0,0
1334,1,1,1,1,0
1335,0,0,1,1,0
1336,0,NaN,1,NaN,0
1337,0,NaN,1,NaN,0
1338,0,NaN,0,NaN,1
1339,0,1,1,0,1
1340,1,1,0,1,1
1341,1,0,0,1,1
1342,0,NaN,0,1,1
1343,0,0,1,NaN,0
1344,1,NaN,1,1,0
1345,1,0,0,1,0
1346,1,NaN,0,0,0
1347,0,0,0,0,0
1348,0,1,1,NaN,1
1349,0,1,1,1,0
1350,1,1,0,0,0
1351,0,0,0,NaN,0
1352,0,NaN,0,0,0
1353,0,1,1,0,0
1354,1,1,1,NaN,0
1355,1,NaN,0,NaN,1
1356,0,NaN,1,0,0
1357,1,1,1,0,1
1358,0,1,0,0,1
1359,1,0,0,NaN,1
1360,0,1,1,0,0
1361,1,1,0,0,0
1362,0,1,0,0,1
1363,1,1,1,NaN,0
1364,1,NaN,0,1,1
1365,1,0,0,0,1
1366,1,0,1,1,0
1367,1,0,0,1,1
1368,1,1,0,1,1
1369,1,0,0,NaN,0
1370,1,0,0,NaN,1
1371,1,NaN,1,0,1
1372,1,NaN,1,NaN,1
1373,0,NaN,1,0,1
1374,1,0,1,0,1
1375,0,0,0,1,0
1376,1,1,1,NaN,0
1377,0,NaN,1,0,0
1378,1,NaN,0,NaN,0
1379,1,0,1,1,1
1380,0,1,1,NaN,0
1381,1,0,1,1,0
1382,1,1,0,0,0
1383,1,0,1,0,1
1384,0,NaN,0,1,0
1385,1,1,1,1,0
1386,1,1,1,1,1
1387,1,NaN,0,NaN,1
1388,0,1,1,NaN,1
1389,0,1,0,NaN,1
1390,1,0,0,0,0
1391,0,0,0,0,1
1392,1,0,1,NaN,0
1393,1,1,0,0,0
1394,1,NaN,1,0,0
1395,1,NaN,1,0,1
1396,1,0,1,1,0
1397,1,1,1,NaN,0
1398,1,1,0,0,0
1399,1,1,0,1,0
1400,1,NaN,0,NaN,0
1401,1,1,1,NaN,0
1402,0,NaN,1,0,1
1403,0,0,0,NaN,0
1404,1,0,1,0,1
1405,0,0,0,1,1
1406,1,1,0,1,1
1407,0,NaN,0,1,0
1408,1,0,1,1,1
1409,0,NaN,0,1,0
1410,0,0,1,0,1
1411,0,1,0,NaN,0
1412,0,0,0,0,1
1413,1,NaN,1,NaN,0
1414,0,0,1,1,0
1415,0,1,0,0,1
1416,1,0,0,0,1
1417,0,1,0,NaN,0
1418,1,1,1,1,1
1419,1,NaN,1,NaN,0
1420,1,NaN,0,NaN,1
1421,1,1,1,NaN,0
1422,1,1,0,1,1
1423,1,1,1,1,1
1424,1,0,0,1,0
1425,0,1,0,0,0
1426,0,0,1,1,0
1427,1,1,1,1,0
1428,1,0,1,1,1
1429,1,0,0,0,0
1430,0,0,0,1,0
1431,1,NaN,0,1,1
1432,0,0,1,0,1
1433,1,NaN,0,NaN,0
1434,1,NaN,1,0,1
1435,0,1,1,NaN,1
1436,1,0,1,NaN,1
1437,0,NaN,0,NaN,1
1438,1,1,1,0,0
1439,1,NaN,1,1,0
1440,1,1,1,0,0
1441,1,1,1,0,1
1442,1,1,0,0,1
1443,1,NaN,1,NaN,1
1444,0,NaN,0,0,0
1445,1,0,0,NaN,1
1446,0,1,0,1,1
1447,0,NaN,0,NaN,1
1448,0,1,1,NaN,1
1449,0,NaN,1,0,0
1450,0,0,1,0,0
1451,0,0,1,1,0
1452,0,1,1,1,1
1453,0,1,0,1,0
1454,1,1,1,0,0
1455,0,0,1,NaN,0
1456,1,0,1,1,0
1457,0,1,1,NaN,1
1458,1,NaN,1,1,1
1459,0,0,1,1,1
1460,0,0,0,1,0
1461,1,1,1,1,0
1462,1,1,0,NaN,0
1463,1,1,0,0,1
1464,1,NaN,1,0,1
1465,0,0,0,NaN,1
1466,0,NaN,1,0,0
1467,1,1,0,NaN,1
1468,0,NaN,1,0,1
1469,1,0,1,NaN,0
1470,1,0,0,NaN,1
1471,1,0,1,1,0
1472,1,NaN,1,1,1
1473,1,0,0,1,1
1474,1,0,1,NaN,1
1475,0,1,1,NaN,0
1476,0,0,0,NaN,1
1477,0,0,1,0,0
1478,1,NaN,1,1,1
1479,0,NaN,1,NaN,0
1480,1,1,0,0,0
1481,1,0,1,1,1
1482,0,1,1,1,0
1483,0,NaN,1,0,1
1484,0,1,1,0,0
1485,1,0,1,1,1
1486,0,0,0,1,0
1487,1,0,0,1,0
1488,1,1,0,0,0
1489,0,0,0,NaN,1
1490,0,NaN,1,NaN,1
1491,0,0,0,NaN,0
1492,1,0,1,0,1
1493,0,NaN,1,0,1
1494,0,0,1,NaN,0
1495,0,NaN,0,1,0
1496,1,NaN,1,NaN,0
1497,1,NaN,1,NaN,1
1498,0,NaN,0,NaN,0
1499,0,0,0,0,0
1500,0,0,1,0,0
1501,1,NaN,0,NaN,1
1502,0,NaN,1,1,1
1503,1,NaN,1,0,1
1504,1,NaN,1,0,1
1505,0,NaN,0,NaN,1
1506,0,NaN,1,0,1
1507,1,1,1,NaN,0
1508,1,0,0,NaN,0
1509,1,NaN,1,1,1
1510,1,1,0,0,0
1511,1,NaN,0,1,0
1512,0,NaN,0,0,1
1513,1,NaN,1,0,1
1514,0,0,1,NaN,0
1515,0,1,0,NaN,0
1516,1,0,1,1,1
1517,0,0,1,NaN,1
1518,1,1,1,0,0
1519,1,1,0,1,0
1520,1,1,1,0,1
1521,0,1,0,1,0
1522,0,1,1,NaN,1
1523,0,1,0,NaN,1
1524,0,0,0,NaN,1
1525,1,1,1,1,1
1526,1,NaN,1,0,1
1527,1,NaN,1,0,1
1528,0,NaN,0,1,0
1529,1,1,1,1,0
1530,1,NaN,1,NaN,0
1531,1,NaN,1,0,1
1532,0,NaN,1,1,0
1533,0,0,0,0,0
1534,1,1,0,NaN,1
1535,0,NaN,0,NaN,0
1536,1,NaN,0,1,0
1537,0,1,0,1,1
1538,0,1,0,1,0
1539,1,NaN,1,NaN,1
1540,1,NaN,1,1,1
1541,0,1,0,NaN,1
1542,0,1,1,NaN,1
1543,1,1,1,1,0
1544,1,0,1,0,1
1545,0,0,0,0,1
1546,1,NaN,1,1,1
1547,0,NaN,1,1,1
1548,1,1,1,NaN,1
1549,0,NaN,0,1,1
1550,1,1,0,0,0
1551,0,1,1,0,1
1552,0,1,1,NaN,1
1553,1,NaN,1,1,0
1554,1,0,1,1,0
1555,1,1,0,1,1
1556,1,0,0,0,1
1557,1,1,1,NaN,1
1558,0,1,1,NaN,0
1559,0,0,1,0,1
1560,1,1,0,1,0
1561,0,NaN,0,NaN,0
1562,1,NaN,0,0,1
1563,0,NaN,1,0,1
1564,0,0,1,NaN,1
1565,0,0,0,NaN,1
1566,0,NaN,1,1,0
1567,1,1,0,0,1
1568,1,0,1,1,1
1569,0,NaN,1,NaN,1
1570,0,1,1,NaN,0
1571,0,0,1,NaN,0
1572,0,1,1,NaN,0
1573,1,1,0,0,1
1574,1,NaN,0,NaN,1
1575,1,0,0,0,1
1576,0,0,0,NaN,0
1577,0,0,0,0,0
1578,0,NaN,0,1,1
1579,1,NaN,1,NaN,1
1580,0,0,0,0,1
1581,0,1,0,0,1
1582,0,1,1,0,1
1583,1,1,1,1,0
1584,0,0,0,1,1
1585,1,NaN,1,1,1
1586,1,0,0,0,1
1587,1,NaN,1,NaN,1
1588,1,NaN,0,NaN,1
1589,1,0,0,0,0
1590,1,0,1,1,0
1591,0,NaN,0,NaN,1
1592,1,NaN,0,1,1
1593,1,0,0,0,1
1594,1,NaN,0,NaN,1
1595,0,NaN,1,1,1
1596,1,0,1,NaN,0
1597,1,0,0,0,1
1598,1,1,0,1,0
1599,1,NaN,1,1,1
1600,0,0,0,NaN,1
1601,0,NaN,0,NaN,1
1602,1,0,0,0,1
1603,1,NaN,1,1,1
1604,1,0,1,0,0
1605,0,NaN,0,1,0
1606,1,NaN,1,1,0
1607,1,1,1,1,1
1608,0,1,0,1,1
1609,1,NaN,0,NaN,0
1610,1,NaN,0,1,0
1611,0,NaN,1,1,0
1612,0,NaN,1,1,0
1613,0,1,0,1,1
1614,0,NaN,1,1,1
1615,1,0,0,NaN,0
1616,1,NaN,0,1,0
1617,1,0,0,1,1
1618,0,1,0,1,0
1619,1,NaN,1,1,1
1620,1,0,1,0,1
1621,0,NaN,0,1,0
1622,1,NaN,1,NaN,0
1623,0,0,0,1,1
1624,0,1,1,NaN,1
1625,1,NaN,1,NaN,1
1626,1,1,0,1,0
1627,1,0,0,NaN,0
1628,1,1,0,NaN,0
1629,1,0,0,NaN,0
1630,1,1,1,0,0
1631,0,1,1,1,1
1632,1,NaN,0,0,0
1633,1,1,0,NaN,0
1634,1,0,1,0,1
1635,0,NaN,1,0,0
1636,0,0,1,1,0
1637,1,NaN,0,1,0
1638,1,1,1,0,0
1639,1,NaN,1,0,0
1640,0,NaN,0,NaN,0
1641,0,0,0,1,0
1642,0,NaN,1,1,0
1643,0,0,0,1,0
1644,1,1,0,0,0
1645,0,1,0,0,1
1646,1,1,0,0,1
1647,0,1,0,0,1
1648,0,1,0,NaN,1
1649,0,1,1,1,1
1650,0,1,1,1,1
1651,1,1,0,NaN,0
1652,1,NaN,1,1,0
1653,0,NaN,0,1,1
1654,1,0,0,0,1
1655,1,NaN,0,1,0
1656,1,1,0,NaN,1
1657,0,1,0,NaN,1
1658,1,1,1,0,1
1659,1,NaN,1,1,1
1660,0,1,0,0,0
1661,0,0,0,1,0
1662,0,NaN,0,0,1
1663,1,1,0,0,1
1664,1,0,1,0,1
1665,1,0,0,1,0
1666,1,1,0,NaN,1
1667,0,0,1,1,1
1668,1,1,1,NaN,0
1669,1,NaN,1,NaN,1
1670,0,NaN,0,1,0
1671,1,NaN,1,0,1
1672,0,NaN,0,NaN,0
1673,0,0,0,0,0
1674,0,1,0,0,1
1675,0,0,0,0,0
1676,0,NaN,1,1,0
1677,1,1,1,1,0
1678,1,0,0,NaN,0
1679,1,NaN,1,NaN,1
1680,1,NaN,0,NaN,1
1681,1,NaN,0,1,0
1682,1,0,1,0,0
1683,1,0,0,NaN,0
1684,0,NaN,0,1,0
1685,1,1,0,1,0
1686,0,1,0,1,1
1687,1,1,0,0,1
1688,0,NaN,0,1,0
1689,0,1,1,NaN,1
1690,1,1,0,1,1
1691,1,0,0,1,0
1692,0,NaN,0,1,0
1693,0,NaN,1,0,0
1694,1,0,0,1,0
1695,1,NaN,0,0,0
1696,1,1,1,NaN,1
1697,1,1,1,0,1
1698,0,0,1,NaN,0
1699,0,NaN,1,NaN,0
1700,0,NaN,1,1,1
1701,0,1,1,0,0
1702,1,NaN,0,0,1
1703,1,0,1,0,0
1704,0,1,0,1,1
1705,0,NaN,0,NaN,0
1706,0,0,0,NaN,0
1707,1,1,0,0,1
1708,0,NaN,0,0,0
1709,0,NaN,0,NaN,1
1710,1,NaN,0,NaN,1
1711,1,NaN,1,NaN,0
1712,0,0,1,1,0
1713,1,NaN,0,NaN,0
1714,0,NaN,1,1,1
1715,1,1,1,1,0
1716,1,0,0,0,1
1717,1,1,0,NaN,0
1718,1,1,1,NaN,1
1719,0,1,0,0,0
1720,0,0,0,1,0
1721,0,1,0,0,0
1722,1,0,0,0,0
1723,1,NaN,0,1,1
1724,0,NaN,1,1,1
1725,0,0,0,0,1
1726,1,NaN,0,1,0
1727,1,1,0,1,1
1728,0,1,0,1,0
1729,1,0,0,0,1
1730,0,NaN,0,NaN,1
1731,0,0,1,0,1
1732,1,1,1,NaN,0
1733,0,NaN,0,NaN,1
1734,1,NaN,0,1,1
1735,1,NaN,1,0,0
1736,0,1,0,NaN,0
1737,0,0,0,0,1
1738,0,0,0,NaN,1
1739,0,1,1,NaN,0
1740,0,0,0,1,0
1741,0,NaN,0,NaN,1
1742,1,0,0,0,0
1743,1,0,0,1,0
1744,1,NaN,1,0,0
1745,1,1,1,0,1
1746,0,NaN,0,1,0
1747,1,NaN,1,0,0
1748,1,0,1,0,0
1749,1,NaN,1,1,1
1750,0,NaN,1,0,0
1751,1,1,1,1,1
1752,0,NaN,1,1,1
1753,1,1,0,1,1
1754,0,0,1,0,1
1755,0,0,1,0,1
1756,1,0,1,0,0
1757,0,NaN,1,0,1
1758,0,1,1,0,0
1759,1,0,0,0,1
1760,0,1,1,0,1
1761,0,NaN,1,0,1
1762,0,0,1,NaN,1
1763,0,0,0,NaN,0
1764,1,0,0,NaN,1
1765,1,NaN,1,NaN,0
1766,0,0,0,1,1
1767,1,1,0,NaN,0
1768,0,NaN,1,1,0
1769,1,1,0,0,1
1770,0,1,1,NaN,0
1771,1,1,0,0,1
1772,0,0,0,NaN,1
1773,1,1,1,NaN,0
1774,0,0,0,0,1
1775,0,0,0,0,0
1776,0,NaN,0,NaN,0
1777,0,0,0,NaN,0
1778,1,1,0,1,0
1779,0,NaN,0,1,1
1780,1,1,1,NaN,0
1781,1,1,0,0,0
1782,0,1,0,NaN,1
1783,1,1,1,0,1
1784,1,0,1,0,1
1785,1,NaN,1,NaN,0
1786,1,0,1,0,1
1787,1,NaN,1,0,0
1788,0,1,1,0,0
1789,0,1,1,1,1
1790,1,NaN,1,1,0
1791,0,NaN,0,1,1
1792,1,NaN,0,NaN,1
1793,1,NaN,1,1,1
1794,1,NaN,0,1,0
1795,1,0,0,0,0
1796,0,NaN,0,1,0
1797,1,0,1,1,1
1798,0,NaN,0,NaN,1
1799,0,1,1,0,0
1800,1,1,0,0,0
1801,1,NaN,0,NaN,1
1802,0,0,1,NaN,0
1803,1,NaN,1,1,0
1804,1,0,1,0,0
1805,0,0,1,NaN,0
1806,1,0,1,1,1
1807,1,0,1,NaN,1
1808,1,0,1,NaN,0
1809,1,1,1,1,0
1810,1,NaN,1,0,0
1811,0,1,0,0,1
1812,0,NaN,1,0,1
1813,0,NaN,0,1,0
1814,0,NaN,0,1,0
1815,1,NaN,0,NaN,1
1816,0,0,1,0,0
1817,0,NaN,0,NaN,1
1818,1,1,1,NaN,1
1819,1,1,0,NaN,1
1820,1,1,0,NaN,0
1821,1,0,0,1,0
1822,1,NaN,0,NaN,1
1823,1,0,0,1,0
1824,0,NaN,0,0,0
1825,1,0,0,0,0
1826,1,NaN,1,NaN,0
1827,1,NaN,0,1,1
1828,0,NaN,1,1,1
1829,1,NaN,0,NaN,1
1830,1,1,1,0,0
1831,1,NaN,1,0,1
1832,0,0,1,1,1
1833,1,NaN,0,0,1
1834,0,1,0,1,1
1835,0,NaN,1,0,1
1836,0,0,1,NaN,1
1837,0,0,0,1,1
1838,1,0,0,0,1
1839,0,0,1,0,0
1840,1,NaN,0,NaN,1
1841,0,NaN,0,NaN,1
1842,1,0,0,NaN,1
1843,0,NaN,1,NaN,1
1844,0,NaN,0,0,1
1845,0,1,1,0,1
1846,1,NaN,0,0,0
1847,0,NaN,0,NaN,0
1848,0,1,1,0,1
1849,0,0,1,0,1
1850,1,NaN,0,1,0
1851,0,1,0,0,1
1852,0,NaN,0,1,1
1853,0,0,0,0,0
1854,0,NaN,1,0,1
1855,1,0,1,0,1
1856,1,1,0,1,0
1857,0,1,1,0,0
1858,0,0,1,NaN,0
1859,0,NaN,1,NaN,0
1860,0,1,1,NaN,0
1861,0,1,0,NaN,0
1862,1,1,1,0,1
1863,1,NaN,1,1,0
1864,0,NaN,1,0,1
1865,1,0,1,0,1
1866,0,0,0,0,1
1867,0,NaN,1,0,1
1868,0,1,0,1,1
1869,1,NaN,0,1,0
1870,0,1,1,0,0
1871,0,1,0,1,0
1872,0,NaN,0,1,1
1873,1,1,1,NaN,1
1874,0,NaN,0,NaN,1
1875,0,0,1,NaN,1
1876,1,0,1,0,1
1877,0,1,0,NaN,0
1878,0,NaN,1,0,0
1879,0,0,1,1,1
1880,0,NaN,1,1,1
1881,1,0,1,0,0
1882,0,0,0,0,1
1883,1,NaN,1,NaN,1
1884,0,0,0,1,1
1885,1,1,0,0,1
1886,0,1,1,0,1
1887,0,0,0,0,0
1888,1,1,1,0,1
1889,0,NaN,1,NaN,1
1890,1,1,0,0,0
1891,1,NaN,0,0,1
1892,0,1,1,NaN,0
1893,0,0,0,NaN,0
1894,1,1,0,0,0
1895,1,0,0,0,1
1896,1,NaN,1,1,1
1897,0,NaN,1,NaN,0
1898,0,NaN,1,1,0
1899,1,NaN,1,0,0
1900,0,1,0,1,1
1901,1,0,0,0,1
1902,1,0,0,0,1
1903,1,1,0,0,1
1904,0,1,0,NaN,0
1905,1,NaN,0,NaN,0
1906,1,NaN,1,1,0
1907,0,0,0,0,1
1908,0,1,1,0,0
1909,1,1,1,1,0
1910,1,1,1,0,1
1911,1,0,1,NaN,0
1912,1,NaN,0,NaN,1
1913,0,1,1,NaN,1
1914,0,1,0,1,0
1915,0,NaN,0,NaN,0
1916,0,0,0,1,0
1917,0,1,0,1,1
1918,0,0,1,0,0
1919,0,1,0,1,1
1920,1,1,1,1,0
1921,1,NaN,0,0,0
1922,0,NaN,1,0,0
1923,0,0,1,0,1
1924,0,1,1,1,1
1925,0,0,1,NaN,0
1926,0,NaN,0,0,1
1927,1,1,0,NaN,0
1928,1,NaN,1,NaN,1
1929,0,1,0,NaN,1
1930,1,0,0,0,1
1931,0,NaN,0,1,1
1932,0,NaN,0,1,1
1933,0,1,0,1,0
1934,0,0,0,NaN,1
1935,1,NaN,0,0,1
1936,0,1,0,0,1
1937,1,1,0,0,0
1938,1,NaN,1,1,0
1939,1,1,1,0,0
1940,0,NaN,1,0,1
1941,0,0,1,1,1
1942,0,1,0,0,0
1943,1,0,0,NaN,1
1944,1,0,1,0,0
1945,0,NaN,1,0,0
1946,0,NaN,0,NaN,0
1947,1,NaN,1,NaN,1
1948,0,NaN,0,NaN,1
1949,1,1,0,0,1
1950,1,0,1,NaN,1
1951,0,0,0,1,0
1952,0,0,1,0,0
1953,1,NaN,1,0,1
1954,1,NaN,0,0,1
1955,1,0,1,1,1
1956,1,0,1,1,1
1957,0,1,0,NaN,0
1958,1,1,0,0,1
1959,0,NaN,1,1,1
1960,0,NaN,1,1,1
1961,1,1,0,0,0
1962,0,NaN,1,1,1
1963,1,NaN,0,1,0
1964,1,0,1,NaN,1
1965,0,NaN,0,NaN,0
1966,0,NaN,1,1,0
1967,0,0,1,1,1
1968,0,1,1,NaN,1
1969,0,0,1,1,0
1970,0,0,0,1,1
1971,0,0,1,NaN,0
1972,1,1,0,0,0
1973,0,NaN,1,0,1
1974,1,0,0,1,0
1975,1,1,0,1,0
1976,1,1,0,1,1
1977,0,1,1,0,1
1978,0,0,1,0,0
1979,1,NaN,0,1,1
1980,1,0,1,NaN,1
1981,1,1,0,0,1
1982,0,1,1,1,1
1983,0,1,0,1,0
1984,0,1,0,NaN,1
1985,1,1,1,1,1
1986,1,0,0,1,1
1987,1,0,0,0,0
1988,0,NaN,1,NaN,1
1989,1,NaN,0,NaN,0
1990,0,NaN,0,1,0
1991,0,1,1,NaN,0
1992,1,NaN,0,0,1
1993,1,NaN,0,NaN,1
1994,1,0,0,1,1
1995,0,1,0,1,1
1996,0,1,0,1,1
1997,0,0,1,0,0
1998,1,0,1,1,1
1999,1,0,1,NaN,0
2000,1,0,1,NaN,0
2001,1,0,1,1,0
2002,0,1,1,NaN,0
2003,0,1,0,0,1
2004,0,NaN,0,0,0
2005,1,1,1,0,0
2006,1,1,1,NaN,1
2007,0,0,1,0,0
2008,1,0,1,0,0
2009,0,NaN,1,0,0
2010,1,1,0,NaN,0
2011,1,1,1,NaN,1
2012,0,0,0,NaN,0
2013,1,NaN,0,1,0
2014,1,1,0,1,0
2015,1,1,1,NaN,1
2016,1,NaN,0,1,0
2017,0,1,0,NaN,1
2018,0,0,1,0,1
2019,1,0,0,0,1
2020,0,0,1,1,0
2021,0,NaN,0,NaN,1
2022,1,1,0,1,1
2023,1,NaN,0,0,1
2024,1,NaN,0,1,0
2025,0,NaN,0,NaN,1
2026,0,NaN,0,1,0
2027,1,1,0,NaN,1
2028,1,NaN,0,1,1
2029,0,0,0,0,0
2030,0,NaN,1,NaN,1
2031,0,0,1,0,1
2032,1,0,0,1,0
2033,1,1,0,0,1
2034,1,1,0,1,0
2035,0,1,0,NaN,0
2036,0,0,1,1,0
2037,0,0,0,1,0
2038,0,1,1,0,0
2039,1,1,0,NaN,0
2040,1,1,0,0,0
2041,1,1,0,1,1
2042,1,1,1,NaN,1
2043,0,NaN,1,0,1
2044,0,NaN,0,1,1
2045,1,1,0,1,0
2046,0,NaN,0,1,0
2047,0,1,1,NaN,1
2048,1,1,1,1,0
2049,1,NaN,1,0,0
2050,0,1,0,1,1
2051,0,1,1,NaN,0
2052,1,NaN,0,1,1
2053,1,1,1,1,0
2054,1,NaN,0,1,0
2055,0,1,1,0,0
2056,1,1,0,NaN,1
2057,1,0,1,NaN,0
2058,0,NaN,1,0,0
2059,1,NaN,1,0,0
2060,1,0,1,0,1
2061,1,0,1,NaN,1
2062,1,1,1,0,0
2063,0,1,1,NaN,0
2064,1,NaN,1,0,1
2065,0,NaN,0,1,1
2066,1,0,0,1,0
2067,1,NaN,0,0,1
2068,0,1,0,0,1
2069,1,NaN,1,NaN,0
2070,0,NaN,1,NaN,0
2071,0,1,1,0,0
2072,1,NaN,0,0,1
2073,1,0,0,1,0
2074,1,NaN,1,0,1
2075,0,NaN,0,NaN,0
2076,0,0,1,0,0
2077,0,NaN,1,NaN,0
2078,0,1,1,1,0
2079,0,1,1,NaN,0
2080,1,NaN,1,1,1
2081,1,1,0,NaN,1
2082,1,1,0,1,1
2083,0,NaN,1,1,0
2084,1,1,1,1,0
2085,1,0,1,NaN,0
2086,0,0,1,0,1
2087,0,1,0,NaN,1
2088,1,NaN,1,NaN,1
2089,0,1,1,0,0
2090,1,0,1,0,1
2091,0,NaN,1,0,1
2092,0,1,0,1,1
2093,1,NaN,0,1,1
2094,0,1,0,1,0
2095,1,1,0,1,1
2096,0,0,1,1,0
2097,1,NaN,1,1,0
2098,0,0,1,NaN,0
2099,1,0,0,1,0
2100,0,0,0,1,0
2101,1,0,1,0,1
2102,1,NaN,1,NaN,1
2103,0,NaN,0,0,1
2104,0,NaN,1,1,0
2105,0,1,1,NaN,0
2106,0,1,1,0,1
2107,1,NaN,1,1,0
2108,1,1,0,1,0
2109,1,NaN,0,1,1
2110,0,NaN,1,1,1
2111,1,0,0,0,1
2112,0,NaN,0,0,0
2113,0,NaN,0,1,1
2114,0,1,0,1,1
2115,1,1,0,NaN,0
2116,1,0,1,NaN,0
2117,1,1,0,0,1
2118,1,1,1,NaN,0
2119,1,NaN,1,NaN,1
2120,0,NaN,0,0,1
2121,1,1,0,NaN,1
2122,1,1,0,NaN,1
2123,0,0,0,NaN,0
2124,0,NaN,1,0,1
2125,0,1,1,1,1
2126,1,1,1,0,1
2127,1,NaN,1,NaN,1
2128,0,1,0,0,1
2129,1,0,1,1,0
2130,0,NaN,1,1,1
2131,1,NaN,1,NaN,0
2132,1,1,1,0,0
2133,1,0,1,NaN,0
2134,0,1,0,NaN,0
2135,0,1,1,1,1
2136,0,1,0,0,0
2137,1,0,1,0,1
2138,0,NaN,0,NaN,0
2139,1,NaN,1,NaN,0
2140,1,NaN,0,NaN,0
2141,1,0,0,1,1
2142,1,0,1,NaN,1
2143,0,NaN,1,0,0
2144,0,NaN,1,NaN,0
2145,1,NaN,1,1,0
2146,0,0,0,1,0
2147,1,0,1,1,0
2148,1,NaN,1,0,1
2149,1,NaN,0,1,0
2150,0,NaN,1,0,1
2151,1,1,0,1,1
2152,1,1,0,NaN,1
2153,0,1,1,1,0
2154,1,1,0,1,0
2155,1,1,1,NaN,0
2156,1,1,1,NaN,0
2157,1,0,0,1,1
2158,0,1,1,NaN,0
2159,1,0,0,1,1
2160,1,NaN,0,NaN,1
2161,1,NaN,1,1,0
2162,0,0,1,1,1
2163,1,0,0,0,1
2164,0,0,0,1,0
2165,0,NaN,0,1,0
2166,1,NaN,0,1,1
2167,0,1,0,1,0
2168,0,0,1,0,1
2169,0,0,1,1,1
2170,1,NaN,0,NaN,1
2171,0,NaN,0,1,0
2172,1,NaN,0,1,1
2173,0,1,0,1,1
2174,0,1,1,NaN,0
2175,1,NaN,1,NaN,1
2176,1,NaN,1,1,1
2177,0,1,1,1,1
2178,1,NaN,0,1,0
2179,0,0,0,1,0
2180,0,0,1,0,1
2181,1,1,0,NaN,0
2182,0,0,1,1,0
2183,1,NaN,1,1,1
2184,0,1,0,0,0
2185,0,NaN,1,NaN,1
2186,0,0,0,1,0
2187,1,0,1,NaN,1
2188,1,1,1,NaN,1
2189,0,0,1,NaN,0
2190,0,1,1,1,0
2191,1,1,0,NaN,0
2192,0,NaN,1,0,0
2193,1,0,1,1,1
2194,0,NaN,0,0,0
2195,0,NaN,1,0,1
2196,1,0,0,0,1
2197,1,NaN,1,NaN,0
2198,0,NaN,1,0,1
2199,0,NaN,0,NaN,0
2200,1,1,0,0,0
2201,1,1,0,0,0
2202,1,0,1,0,1
2203,1,NaN,0,0,1
2204,1,1,0,NaN,1
2205,0,0,0,0,1
2206,1,1,0,0,0
2207,1,0,0,0,1
2208,1,NaN,0,0,0
2209,1,NaN,1,0,0
2210,1,NaN,1,NaN,1
2211,1,1,1,NaN,1
2212,0,NaN,1,1,0
2213,1,NaN,1,NaN,0
2214,1,NaN,0,NaN,1
2215,0,NaN,1,NaN,1
2216,0,NaN,1,0,1
2217,0,1,0,1,0
2218,1,NaN,1,NaN,0
2219,1,1,1,1,0
2220,0,NaN,0,NaN,1
2221,0,0,0,0,0
2222,1,1,1,0,1
2223,1,NaN,0,NaN,1
2224,1,1,1,1,0
2225,0,1,1,1,0
2226,1,0,1,NaN,0
2227,1,NaN,0,0,1
2228,0,0,0,0,1
2229,0,1,0,NaN,0
2230,0,1,1,1,0
2231,1,0,1,1,0
2232,0,NaN,0,1,1
2233,0,1,1,NaN,0
2234,1,1,0,NaN,1
2235,0,1,0,1,0
2236,0,0,0,NaN,0
2237,0,1,1,1,0
2238,1,1,1,1,1
2239,0,NaN,0,NaN,1
2240,0,NaN,0,1,1
2241,1,NaN,0,NaN,0
2242,0,1,1,0,0
2243,0,0,0,NaN,1
2244,1,NaN,0,0,0
2245,1,0,1,1,1
2246,1,1,1,1,1
2247,0,NaN,1,0,0
2248,0,1,1,1,0
2249,0,0,1,1,0
2250,0,NaN,0,0,0
2251,1,0,0,1,0
2252,0,0,1,1,1
2253,0,0,1,0,1
2254,0,0,0,0,0
2255,1,NaN,0,0,1
2256,0,0,1,0,1
2257,1,0,0,0,0
2258,0,NaN,0,NaN,1
2259,1,0,1,1,0
2260,1,0,1,0,0
2261,1,NaN,0,0,1
2262,1,1,1,1,1
2263,0,NaN,0,NaN,0
2264,0,0,1,0,0
2265,0,0,0,0,0
2266,0,1,1,1,1
2267,0,NaN,0,NaN,0
2268,1,0,0,1,1
2269,0,0,0,1,0
2270,1,1,1,1,1
2271,0,NaN,0,0,0
2272,0,NaN,1,NaN,0
2273,0,NaN,1,0,1
2274,0,NaN,0,NaN,0
2275,1,NaN,1,1,0
2276,1,NaN,1,NaN,0
2277,1,1,1,NaN,0
2278,0,0,0,1,1
2279,0,1,1,NaN,0
2280,0,NaN,0,1,1
2281,0,0,0,NaN,0
2282,0,NaN,0,1,0
2283,1,0,0,1,0
2284,1,0,0,NaN,1
2285,1,0,0,NaN,1
2286,0,NaN,1,0,1
2287,1,1,0,NaN,1
2288,0,1,1,NaN,0
2289,0,1,1,0,0
2290,1,0,0,0,0
2291,1,0,1,1,0
2292,0,0,1,NaN,1
2293,0,0,1,NaN,0
2294,1,0,1,1,0
2295,0,1,0,0,0
2296,0,NaN,0,0,1
2297,1,NaN,1,NaN,1
2298,1,NaN,0,1,0
2299,0,0,1,0,0
2300,0,0,0,NaN,1
2301,0,NaN,1,0,1
2302,0,NaN,1,0,1
2303,1,0,1,0,0
2304,1,0,1,NaN,0
2305,0,NaN,0,NaN,1
2306,0,NaN,1,0,1
2307,1,1,0,NaN,1
2308,1,1,0,NaN,1
2309,0,1,1,0,1
2310,1,1,0,1,0
2311,0,NaN,1,0,0
2312,1,NaN,0,1,0
2313,1,0,0,NaN,0
2314,1,NaN,1,1,1
2315,1,0,1,1,1
2316,0,0,1,1,0
2317,0,1,1,1,0
2318,0,1,0,1,1
2319,0,0,1,0,0
2320,1,NaN,1,1,0
2321,1,NaN,1,1,0
2322,0,1,1,NaN,1
2323,0,NaN,0,NaN,0
2324,1,1,0,1,0
2325,0,0,0,0,0
2326,0,NaN,0,NaN,1
2327,0,1,0,0,0
2328,0,0,1,1,1
2329,1,0,0,0,1
2330,1,NaN,1,1,1
2331,0,1,1,NaN,1
2332,1,1,1,0,1
2333,1,0,1,1,0
2334,1,0,0,NaN,1
2335,0,NaN,0,NaN,0
2336,1,NaN,1,1,0
2337,0,NaN,1,NaN,0
2338,0,1,1,NaN,1
2339,0,0,1,NaN,0
2340,0,1,1,1,1
2341,0,NaN,0,NaN,1
2342,1,NaN,0,NaN,1
2343,0,0,0,1,1
2344,1,0,0,1,1
2345,0,0,0,0,0
2346,0,NaN,1,NaN,1
2347,0,NaN,0,0,0
2348,0,0,1,1,1
2349,1,0,0,NaN,0
2350,0,1,0,1,1
2351,1,NaN,0,0,1
2352,1,NaN,0,1,0
2353,0,0,1,NaN,1
2354,0,NaN,0,0,1
2355,0,0,1,NaN,1
2356,0,0,1,NaN,0
2357,0,1,1,1,0
2358,1,NaN,1,0,0
2359,1,1,0,1,1
2360,1,0,0,0,1
2361,1,0,0,1,0
2362,0,NaN,1,1,0
2363,0,NaN,0,1,0
2364,1,NaN,0,NaN,1
2365,1,0,0,NaN,1
2366,1,NaN,0,1,0
2367,1,1,0,0,0
2368,1,0,0,NaN,0
2369,0,1,1,NaN,0
2370,0,NaN,1,0,1
2371,1,0,1,1,0
2372,1,NaN,1,NaN,1
2373,0,NaN,0,1,1
2374,1,0,0,NaN,0
2375,1,1,1,0,0
2376,0,NaN,1,NaN,0
2377,0,NaN,0,NaN,1
2378,0,0,1,1,1
2379,0,0,1,1,1
2380,1,0,1,NaN,0
2381,1,NaN,1,0,0
2382,0,0,0,1,1
2383,0,NaN,0,1,1
2384,1,NaN,1,0,0
2385,1,1,1,1,1
2386,0,1,1,NaN,0
2387,1,NaN,1,0,1
2388,1,0,1,NaN,1
2389,1,NaN,0,1,0
2390,0,0,0,NaN,0
2391,1,0,0,NaN,0
2392,1,0,0,NaN,1
2393,1,NaN,0,0,1
2394,0,NaN,1,NaN,0
2395,1,1,1,1,0
2396,0,1,0,1,1
2397,1,0,0,0,0
2398,0,0,0,NaN,1
2399,0,1,0,NaN,0
2400,0,1,1,NaN,0
2401,0,NaN,0,1,1
2402,1,0,0,NaN,1
2403,0,NaN,0,1,1
2404,1,NaN,0,0,1
2405,1,1,0,1,0
2406,0,1,1,0,0
2407,1,NaN,1,1,1
2408,0,1,0,1,0
2409,0,1,1,0,1
2410,1,NaN,1,NaN,0
2411,0,NaN,1,0,0
2412,0,0,1,0,1
2413,0,NaN,0,NaN,1
2414,1,0,1,0,1
2415,1,NaN,1,NaN,0
2416,0,NaN,0,NaN,1
2417,1,1,1,1,0
2418,1,NaN,1,NaN,1
2419,1,NaN,0,0,1
2420,0,1,0,0,1
2421,1,1,1,0,0
2422,1,NaN,1,0,0
2423,0,1,0,1,0
2424,0,0,0,NaN,1
2425,0,0,0,0,1
2426,1,0,0,NaN,0
2427,0,1,0,0,1
2428,0,NaN,0,NaN,1
2429,1,NaN,0,1,0
2430,1,1,1,0,1
2431,1,NaN,1,0,1
2432,1,0,0,NaN,0
2433,0,NaN,0,NaN,1
2434,0,0,0,0,0
2435,1,0,0,1,1
2436,0,0,1,NaN,1
2437,1,NaN,0,NaN,0
2438,0,0,0,NaN,0
2439,0,NaN,1,1,1
2440,0,1,0,NaN,0
2441,0,1,1,NaN,1
2442,0,0,0,NaN,0
2443,1,1,1,NaN,1
2444,0,0,0,1,1
2445,0,NaN,1,0,1
2446,0,NaN,0,0,1
2447,0,0,1,NaN,0
2448,1,1,1,1,1
2449,1,0,1,NaN,0
2450,1,NaN,1,NaN,1
2451,0,1,0,1,0
2452,0,0,0,0,1
2453,1,1,0,0,1
2454,0,NaN,1,NaN,0
2455,0,0,1,0,1
2456,1,NaN,1,1,0
2457,0,0,1,NaN,0
2458,1,1,1,1,0
2459,0,NaN,0,1,0
2460,0,0,0,1,1
2461,1,0,0,1,0
2462,0,NaN,0,1,1
2463,0,1,1,NaN,1
2464,1,0,0,0,1
2465,0,NaN,1,0,1
2466,0,0,0,0,0
2467,1,0,1,1,0
2468,0,1,0,NaN,0
2469,0,0,0,0,1
2470,1,NaN,0,0,1
2471,1,NaN,0,1,1
2472,1,NaN,1,NaN,1
2473,0,1,0,0,0
2474,1,1,0,1,0
2475,0,1,0,NaN,0
2476,1,1,1,0,0
2477,0,0,0,NaN,0
2478,0,1,0,0,1
2479,0,1,1,NaN,1
2480,0,1,0,NaN,0
2481,1,0,1,NaN,0
2482,0,1,0,1,1
2483,1,0,0,NaN,1
2484,1,NaN,0,1,1
2485,1,0,1,1,1
2486,0,0,0,1,1
2487,0,0,0,0,1
2488,0,0,1,0,1
2489,0,NaN,0,0,1
2490,1,NaN,0,1,0
2491,0,NaN,0,NaN,0
2492,0,0,1,1,1
2493,0,NaN,0,NaN,0
2494,1,0,1,NaN,1
2495,1,NaN,0,1,1
2496,1,NaN,1,NaN,1
2497,1,1,1,1,0
2498,0,NaN,1,NaN,1
2499,1,0,0,1,0
2500,1,NaN,1,1,0
2501,1,0,1,0,0
2502,0,0,1,1,0
2503,1,NaN,0,NaN,0
2504,1,NaN,1,1,1
2505,1,NaN,1,NaN,0
2506,0,0,1,1,0
2507,1,NaN,0,0,0
2508,1,NaN,1,1,1
2509,1,NaN,0,1,0
2510,1,NaN,0,NaN,1
2511,1,0,0,1,0
2512,0,NaN,0,0,0
2513,1,0,1,NaN,1
2514,1,1,1,0,0
2515,0,0,0,NaN,0
2516,0,NaN,1,0,1
2517,1,1,1,1,0
2518,0,0,1,NaN,0
2519,1,NaN,1,NaN,1
2520,0,NaN,1,1,0
2521,1,1,0,1,1
2522,1,NaN,0,NaN,0
2523,1,NaN,1,NaN,1
2524,1,NaN,1,1,1
2525,1,0,0,1,1
2526,1,1,0,0,0
2527,0,NaN,1,1,1
2528,0,0,1,NaN,1
2529,1,0,0,0,0
2530,1,0,0,NaN,1
2531,1,NaN,0,1,0
2532,0,1,1,0,0
2533,0,0,0,1,1
2534,1,NaN,0,1,0
2535,1,1,1,0,0
2536,1,NaN,1,1,1
2537,1,1,0,0,0
2538,1,0,1,0,1
2539,1,1,1,NaN,0
2540,0,NaN,0,0,1
2541,1,0,1,NaN,0
2542,0,0,0,1,1
2543,1,1,1,0,1
2544,1,1,0,0,0
2545,1,0,0,NaN,0
2546,0,NaN,0,1,0
2547,0,NaN,1,NaN,0
2548,0,1,1,1,1
2549,1,0,0,0,0
2550,0,0,0,1,0
2551,0,0,1,0,0
2552,1,1,0,NaN,0
2553,0,0,1,1,1
2554,1,0,1,0,1
2555,0,1,0,1,0
2556,1,0,1,NaN,0
2557,0,1,0,0,1
2558,1,0,1,1,0
2559,0,0,1,1,0
2560,0,0,1,NaN,1
2561,0,NaN,0,0,1
2562,1,1,1,0,1
2563,1,NaN,1,NaN,0
2564,0,1,0,0,1
2565,0,0,0,0,0
2566,0,1,1,0,1
2567,0,0,0,1,1
2568,1,NaN,0,1,0
2569,0,1,0,0,1
2570,0,1,0,NaN,1
2571,0,NaN,0,0,1
2572,1,0,0,1,1
2573,1,1,0,NaN,1
2574,0,1,0,0,1
2575,0,NaN,1,NaN,1
2576,1,0,1,NaN,0
2577,1,0,1,NaN,1
2578,0,0,0,1,0
2579,0,NaN,0,0,0
2580,1,NaN,1,0,1
2581,0,NaN,1,NaN,0
2582,0,0,0,NaN,0
2583,0,0,1,0,0
2584,0,1,0,0,1
2585,1,1,0,NaN,1
2586,0,1,0,0,1
2587,1,0,0,NaN,1
2588,0,0,1,0,0
2589,1,0,0,NaN,1
2590,0,NaN,0,1,1
2591,0,1,0,1,0
2592,1,0,0,1,0
2593,0,0,1,NaN,1
2594,0,NaN,0,NaN,1
2595,1,1,0,0,1
2596,1,NaN,0,0,1
2597,1,0,0,0,0
2598,0,NaN,1,NaN,0
2599,0,NaN,1,0,1
2600,1,NaN,1,NaN,0
2601,0,0,1,NaN,0
2602,1,1,1,1,1
2603,0,NaN,1,NaN,1
2604,0,0,1,1,0
2605,0,1,0,0,1
2606,0,1,0,NaN,1
2607,1,1,0,1,1
2608,0,0,1,1,1
2609,0,NaN,1,0,0
2610,0,0,1,NaN,1
2611,1,NaN,1,0,0
2612,1,1,1,1,0
2613,1,1,0,1,1
2614,0,NaN,0,0,0
2615,0,1,0,0,1
2616,1,NaN,1,1,1
2617,0,1,0,1,1
2618,1,1,0,NaN,0
2619,1,1,0,1,0
2620,1,NaN,1,NaN,0
2621,1,1,1,0,0
2622,1,1,1,NaN,0
2623,1,NaN,0,0,1
2624,0,NaN,1,NaN,0
2625,1,0,0,1,0
2626,1,1,1,1,0
2627,0,NaN,1,0,1
2628,1,NaN,0,0,1
2629,0,NaN,0,1,0
2630,0,NaN,0,NaN,0
2631,0,0,1,NaN,1
2632,1,NaN,0,0,0
2633,0,0,0,NaN,1
2634,1,0,1,1,0
2635,1,0,1,0,1
2636,0,NaN,1,1,0
2637,1,NaN,1,NaN,1
2638,1,0,0,NaN,1
2639,0,0,0,NaN,1
2640,0,NaN,0,NaN,0
2641,1,1,1,NaN,0
2642,1,0,1,NaN,0
2643,1,1,1,1,0
2644,1,NaN,0,1,0
2645,1,1,1,1,0
2646,1,NaN,1,1,0
2647,0,1,1,NaN,0
2648,1,NaN,0,NaN,0
2649,0,1,1,NaN,0
2650,0,1,1,0,0
2651,0,1,1,NaN,1
2652,0,NaN,0,0,1
2653,1,0,0,NaN,0
2654,1,NaN,0,0,1
2655,1,0,1,1,1
2656,1,1,1,NaN,0
2657,1,0,0,0,1
2658,0,1,1,NaN,1
2659,1,NaN,1,0,1
2660,1,0,0,0,1
2661,0,NaN,0,0,1
2662,0,NaN,1,1,0
2663,1,0,1,1,1
2664,0,1,0,1,0
2665,1,NaN,0,0,0
2666,0,1,1,1,0
2667,0,1,1,NaN,0
2668,1,NaN,0,NaN,1
2669,1,0,1,NaN,0
2670,0,NaN,1,1,1
2671,1,1,1,1,0
2672,1,1,0,NaN,1
2673,0,1,1,1,1
2674,1,1,1,NaN,0
2675,1,NaN,1,NaN,0
2676,0,1,0,1,0
2677,1,0,0,1,0
2678,0,0,1,NaN,1
2679,0,1,1,1,1
2680,0,1,0,0,1
2681,1,1,0,NaN,1
2682,0,0,1,1,1
2683,0,1,1,NaN,0
2684,0,NaN,0,1,1
2685,0,0,0,1,0
2686,0,NaN,0,1,1
2687,1,0,0,NaN,0
2688,0,0,1,1,0
2689,1,1,0,NaN,0
2690,1,1,1,0,0
2691,0,1,1,NaN,1
2692,1,0,1,1,1
2693,1,NaN,1,0,0
2694,0,0,0,0,1
2695,1,1,1,0,1
2696,0,1,1,NaN,1
2697,0,0,0,NaN,0
2698,0,0,0,1,1
2699,1,1,1,NaN,1
2700,1,NaN,0,NaN,1
2701,1,0,0,NaN,0
2702,0,0,0,0,1
2703,0,NaN,1,0,0
2704,0,1,0,NaN,1
2705,1,1,1,NaN,0
2706,0,1,1,0,1
2707,1,1,1,NaN,0
2708,0,NaN,0,0,0
2709,0,0,1,NaN,1
2710,1,NaN,1,0,1
2711,0,0,0,1,1
2712,1,0,0,0,1
2713,1,NaN,0,0,1
2714,0,NaN,1,1,0
2715,0,NaN,0,0,1
2716,1,0,0,1,0
2717,0,NaN,1,0,1
2718,0,1,0,NaN,0
2719,0,1,1,NaN,0
2720,1,1,1,NaN,1
2721,0,0,1,1,1
2722,0,NaN,0,0,1
2723,0,1,1,1,1
2724,0,NaN,1,NaN,0
2725,1,0,1,0,1
2726,0,0,0,1,1
2727,1,1,0,NaN,1
2728,1,NaN,0,0,1
2729,0,1,0,0,1
2730,0,NaN,1,NaN,1
2731,1,0,1,1,1
2732,0,NaN,1,1,1
2733,1,1,0,NaN,1
2734,1,1,0,1,0
2735,0,1,0,0,1
2736,1,NaN,1,1,1
2737,1,NaN,0,NaN,1
2738,0,NaN,0,1,1
2739,0,1,1,1,0
2740,0,NaN,0,NaN,0
2741,1,0,0,1,1
2742,1,0,1,NaN,0
2743,0,NaN,0,0,1
2744,1,0,1,NaN,0
2745,1,0,1,1,1
2746,0,0,1,1,1
2747,1,NaN,1,1,0
2748,0,NaN,1,0,0
2749,0,0,1,1,0
2750,1,1,1,NaN,0
2751,0,0,1,1,1
2752,1,NaN,1,0,1
2753,0,1,0,1,0
2754,0,1,1,NaN,1
2755,0,1,0,NaN,0
2756,1,NaN,0,0,1
2757,1,NaN,0,1,1
2758,1,1,0,NaN,1
2759,1,0,1,1,0
2760,1,0,1,1,1
2761,0,1,0,0,1
2762,0,0,0,NaN,0
2763,0,NaN,0,NaN,0
2764,1,NaN,1,1,0
2765,0,0,0,NaN,0
2766,0,1,0,1,1
2767,1,0,0,0,0
2768,0,NaN,0,1,1
2769,1,1,0,NaN,0
2770,1,1,0,1,0
2771,1,0,1,1,0
2772,1,NaN,1,1,0
2773,0,1,1,NaN,0
2774,0,1,0,NaN,1
2775,0,1,1,NaN,0
2776,0,NaN,0,0,1
2777,0,1,1,NaN,0
2778,0,0,1,NaN,1
2779,0,1,0,1,1
2780,1,NaN,1,1,0
2781,0,NaN,1,NaN,0
2782,1,0,0,0,1
2783,0,0,1,1,0
2784,0,0,0,NaN,1
2785,0,0,0,NaN,1
2786,1,NaN,1,NaN,0
2787,0,0,0,0,0
2788,1,0,0,1,0
2789,0,0,0,NaN,0
2790,0,NaN,0,NaN,0
2791,1,NaN,1,NaN,0
2792,0,NaN,0,0,1
2793,1,1,0,NaN,0
2794,0,1,1,1,1
2795,1,1,1,0,0
2796,0,1,1,1,0
2797,1,0,0,0,0
2798,0,NaN,1,1,1
2799,0,1,0,NaN,1
2800,0,0,1,0,1
2801,1,1,1,1,0
2802,1,1,1,NaN,0
2803,0,0,1,1,1
2804,1,NaN,1,NaN,1
2805,1,NaN,1,1,1
2806,0,1,0,0,0
2807,0,NaN,0,NaN,1
2808,0,1,0,1,0
2809,1,0,0,NaN,0
2810,1,0,0,0,0
2811,0,0,0,1,1
2812,1,NaN,0,NaN,0
2813,0,NaN,1,0,1
2814,1,0,1,0,1
2815,0,1,0,NaN,0
2816,1,NaN,1,0,1
2817,0,NaN,1,NaN,1
2818,1,1,1,NaN,1
2819,0,NaN,0,0,1
2820,1,NaN,1,1,0
2821,0,0,0,1,1
2822,0,NaN,0,1,1
2823,0,NaN,1,NaN,1
2824,0,NaN,0,1,1
2825,1,1,0,1,0
2826,0,NaN,1,0,1
2827,0,NaN,1,0,1
2828,1,NaN,1,0,1
2829,1,NaN,1,1,1
2830,1,1,0,NaN,0
2831,1,1,1,1,0
2832,1,1,0,0,1
2833,0,0,0,0,0
2834,0,0,0,NaN,0
2835,0,NaN,1,NaN,1
2836,1,1,1,0,0
2837,0,0,1,1,1
2838,0,NaN,0,0,0
2839,1,0,0,0,0
2840,1,NaN,1,NaN,1
2841,1,NaN,1,1,1
2842,1,1,1,0,1
2843,1,1,1,1,0
2844,0,0,0,NaN,0
2845,1,0,1,1,0
2846,0,0,0,1,1
2847,0,NaN,1,0,0
2848,0,1,0,NaN,0
2849,0,0,0,NaN,1
2850,0,NaN,1,NaN,0
2851,1,0,0,1,0
2852,0,NaN,0,1,1
2853,0,0,0,0,0
2854,0,1,0,1,0
2855,0,1,0,NaN,0
2856,0,0,1,NaN,0
2857,0,1,0,1,0
2858,0,0,1,0,1
2859,0,0,0,0,1
2860,0,NaN,1,0,0
2861,1,NaN,1,1,0
2862,1,0,1,0,1
2863,1,1,0,0,0
2864,0,1,1,0,0
2865,0,NaN,0,NaN,0
2866,0,1,0,NaN,0
2867,1,0,0,0,1
2868,0,0,0,NaN,0
2869,0,NaN,0,0,0
2870,1,NaN,0,0,0
2871,1,0,0,1,0
2872,1,0,1,NaN,1
2873,1,0,0,1,1
2874,1,NaN,1,1,1
2875,1,1,0,NaN,1
2876,0,0,1,0,0
2877,0,NaN,0,1,0
2878,0,NaN,0,NaN,1
2879,1,0,0,NaN,0
2880,1,0,1,NaN,0
2881,0,NaN,0,1,1
2882,0,NaN,1,NaN,0
2883,1,NaN,1,0,0
2884,1,1,1,1,1
2885,1,1,0,NaN,0
2886,0,0,1,1,0
2887,0,1,0,NaN,1
2888,0,NaN,0,1,1
2889,1,0,0,NaN,1
2890,0,0,1,NaN,0
2891,1,1,0,NaN,0
2892,0,1,1,1,0
2893,1,1,0,0,0
2894,0,NaN,0,0,1
2895,0,0,1,0,0
2896,1,NaN,0,0,1
2897,1,NaN,0,1,1
2898,0,0,0,0,1
2899,0,1,0,NaN,1
2900,0,NaN,1,1,0
2901,0,0,1,NaN,1
2902,0,0,0,1,0
2903,1,0,0,NaN,1
2904,0,NaN,1,0,1
2905,1,0,0,0,0
2906,1,NaN,1,1,1
2907,0,NaN,0,0,1
2908,1,NaN,1,0,1
2909,0,1,0,NaN,0
2910,1,1,1,0,0
2911,0,1,1,NaN,0
2912,1,NaN,1,1,0
2913,1,0,0,NaN,1
2914,1,0,1,1,1
2915,0,0,1,1,1
2916,0,1,1,0,0
2917,1,NaN,0,NaN,1
2918,0,0,0,1,0
2919,1,0,0,1,1
2920,0,0,1,NaN,1
2921,0,0,1,NaN,0
2922,1,1,1,1,0
2923,0,NaN,0,NaN,1
2924,0,0,0,NaN,0
2925,1,NaN,0,NaN,0
2926,1,NaN,1,0,0
2927,0,0,0,NaN,1
2928,1,1,1,1,1
2929,1,NaN,0,1,0
2930,0,1,1,0,0
2931,0,1,0,0,1
2932,1,0,1,NaN,0
2933,0,NaN,1,1,1
2934,1,NaN,0,NaN,0
2935,0,1,1,NaN,1
2936,0,1,0,0,0
2937,0,NaN,1,1,0
2938,1,0,1,0,0
2939,0,0,0,0,1
2940,1,NaN,1,1,1
2941,0,NaN,0,0,1
2942,1,NaN,1,NaN,0
2943,0,1,0,NaN,1
2944,1,NaN,1,1,1
2945,1,1,0,0,0
2946,1,0,0,NaN,0
2947,1,0,1,NaN,0
2948,0,1,1,NaN,0
2949,0,1,1,NaN,0
2950,1,0,0,0,0
2951,1,NaN,1,1,1
2952,0,NaN,1,0,0
2953,0,NaN,1,0,0
2954,0,1,1,0,0
2955,0,0,1,NaN,1
2956,1,1,1,1,0
2957,0,1,0,NaN,1
2958,1,1,1,0,1
2959,0,0,0,0,0
2960,0,0,0,0,0
2961,1,0,0,0,1
2962,1,0,1,NaN,0
2963,0,NaN,0,0,1
2964,1,NaN,0,0,1
2965,0,NaN,0,NaN,0
2966,0,NaN,1,NaN,0
2967,0,1,0,0,0
2968,1,0,0,1,1
2969,1,NaN,0,1,1
2970,0,1,1,1,0
2971,0,1,1,NaN,1
2972,1,0,1,0,0
2973,1,0,0,NaN,0
2974,1,1,1,1,0
2975,1,1,0,NaN,0
2976,1,NaN,1,1,0
2977,0,0,0,1,1
2978,0,NaN,1,0,0
2979,0,NaN,0,NaN,0
2980,1,1,1,1,1
2981,0,NaN,0,NaN,1
2982,1,1,1,0,0
2983,1,NaN,1,NaN,0
2984,1,0,1,NaN,0
2985,0,NaN,0,0,1
2986,1,NaN,0,0,0
2987,0,0,0,1,1
2988,1,NaN,1,1,1
2989,0,NaN,1,0,0
2990,1,1,1,1,1
2991,1,0,0,1,1
2992,1,1,0,0,0
2993,1,0,0,0,1
2994,0,NaN,0,0,1
2995,0,NaN,0,0,1
2996,1,1,1,0,1
2997,1,0,0,1,0
2998,1,NaN,0,NaN,1
2999,1,1,0,1,1
3000,0,NaN,0,1,1
3001,0,1,1,NaN,0
3002,1,NaN,0,NaN,0
3003,1,0,0,0,0
3004,1,1,0,1,0
3005,1,0,0,0,0
3006,0,0,0,0,0
3007,1,0,1,NaN,1
3008,0,0,0,1,1
3009,1,0,0,1,1
3010,0,NaN,1,0,0
3011,1,NaN,1,0,0
3012,0,1,0,0,1
3013,0,0,0,1,0
3014,0,1,0,1,0
3015,0,NaN,0,1,0
3016,0,NaN,1,0,1
3017,1,NaN,1,NaN,1
3018,0,NaN,1,1,0
3019,0,NaN,0,0,0
3020,0,0,1,NaN,1
3021,0,0,0,NaN,1
3022,1,0,0,NaN,0
3023,0,NaN,1,1,1
3024,0,1,0,1,1
3025,1,NaN,0,NaN,1
3026,1,1,1,1,1
3027,1,0,1,NaN,0
3028,0,NaN,0,1,1
3029,0,0,1,NaN,1
3030,0,1,0,0,0
3031,1,0,0,NaN,0
3032,1,NaN,1,1,0
3033,1,1,0,0,1
3034,0,1,0,1,1
3035,1,NaN,0,0,1
3036,1,0,0,1,0
3037,1,NaN,1,NaN,0
3038,1,0,0,NaN,1
3039,0,1,0,0,1
3040,0,1,1,NaN,0
3041,0,1,0,1,0
3042,1,NaN,0,0,0
3043,1,NaN,1,0,1
3044,0,NaN,1,NaN,0
3045,0,1,1,0,1
3046,1,NaN,1,1,0
3047,0,NaN,1,NaN,0
3048,1,0,0,NaN,0
3049,0,0,0,0,1
3050,1,NaN,1,NaN,0
3051,1,NaN,0,1,0
3052,0,0,1,1,0
3053,0,NaN,1,0,0
3054,1,NaN,1,NaN,1
3055,0,NaN,0,NaN,0
3056,1,1,1,0,0
3057,0,1,0,0,1
3058,1,1,1,1,0
3059,1,0,1,1,1
3060,1,0,1,0,1
3061,0,1,0,NaN,0
3062,0,1,0,1,1
3063,1,NaN,0,NaN,0
3064,0,NaN,1,NaN,1
3065,1,1,0,1,0
3066,1,0,0,1,0
3067,0,0,1,0,1
3068,1,NaN,0,NaN,1
3069,1,1,0,1,0
3070,0,1,1,NaN,0
3071,0,NaN,1,1,1
3072,1,1,1,0,1
3073,0,NaN,0,1,1
3074,1,1,0,NaN,1
3075,0,1,0,1,0
3076,1,0,0,1,1
3077,1,0,1,NaN,1
3078,0,1,1,NaN,1
3079,1,0,1,NaN,0
3080,1,NaN,0,1,0
3081,1,1,0,1,0
3082,1,NaN,0,NaN,0
3083,1,0,1,0,1
3084,1,NaN,0,1,1
3085,1,0,0,NaN,1
3086,0,1,1,1,0
3087,1,1,0,1,1
3088,0,0,0,NaN,0
3089,1,1,1,0,1
3090,1,1,1,0,1
3091,0,1,1,0,0
3092,0,0,0,0,1
3093,1,1,1,NaN,1
3094,1,1,1,1,0
3095,0,1,0,1,1
3096,1,NaN,0,NaN,1
3097,0,0,0,NaN,0
3098,0,1,0,NaN,0
3099,0,0,0,NaN,0
3100,0,NaN,0,0,1
3101,0,NaN,0,1,1
3102,0,1,0,0,0
3103,0,1,1,1,1
3104,0,1,1,NaN,1
3105,1,1,1,NaN,0
3106,1,NaN,1,1,1
3107,1,NaN,1,0,1
3108,1,NaN,0,NaN,0
3109,0,NaN,0,NaN,0
3110,0,0,1,1,1
3111,1,NaN,0,0,0
3112,1,0,1,1,0
3113,0,0,0,NaN,0
3114,1,NaN,0,NaN,1
3115,0,0,1,NaN,1
3116,0,0,1,0,1
3117,0,1,1,1,0
3118,0,1,0,1,1
3119,0,1,0,NaN,1
3120,0,NaN,1,1,1
3121,1,0,1,0,1
3122,1,1,0,NaN,1
3123,0,0,0,1,0
3124,0,NaN,1,1,1
3125,0,0,1,1,1
3126,1,0,1,1,0
3127,1,NaN,0,1,0
3128,1,0,0,NaN,0
3129,1,0,0,NaN,0
3130,1,0,1,NaN,1
3131,1,1,0,0,0
3132,0,1,1,NaN,1
3133,0,1,1,0,1
3134,0,NaN,0,0,0
3135,1,1,1,0,0
3136,1,0,0,1,0
3137,0,0,0,1,1
3138,0,NaN,1,1,0
3139,0,0,1,1,1
3140,1,1,1,1,0
3141,1,0,1,1,1
3142,0,0,1,0,1
3143,0,1,0,1,1
3144,1,0,1,1,0
3145,0,0,1,1,1
3146,1,1,0,NaN,1
3147,0,0,1,NaN,1
3148,0,NaN,0,NaN,0
3149,0,1,1,NaN,0
3150,0,NaN,1,1,0
3151,1,NaN,1,NaN,1
3152,0,0,0,0,1
3153,1,1,1,0,0
3154,0,NaN,1,NaN,0
3155,0,NaN,1,NaN,0
3156,0,1,0,NaN,0
3157,0,NaN,0,0,1
3158,0,NaN,1,0,0
3159,1,1,1,NaN,1
3160,0,0,0,1,1
3161,1,NaN,0,0,0
3162,0,0,1,NaN,0
3163,1,0,1,1,0
3164,0,1,0,0,1
3165,1,0,0,0,0
3166,0,1,1,0,0
3167,0,1,0,NaN,0
3168,1,1,0,0,0
3169,0,0,1,NaN,1
3170,1,NaN,0,1,0
3171,1,1,0,1,1
3172,1,1,0,0,0
3173,0,0,0,1,0
3174,0,NaN,0,NaN,0
3175,1,0,1,NaN,0
3176,0,0,1,0,1
3177,1,1,0,NaN,1
3178,1,0,1,NaN,1
3179,0,NaN,0,0,1
3180,1,NaN,1,1,1
3181,0,1,0,NaN,1
3182,1,NaN,1,0,0
3183,0,NaN,1,NaN,1
3184,1,0,0,0,0
3185,1,NaN,0,NaN,0
3186,0,0,1,0,1
3187,1,1,0,0,1
3188,1,NaN,0,NaN,1
3189,1,NaN,1,NaN,0
3190,0,1,1,NaN,1
3191,0,1,1,0,1
3192,1,0,1,NaN,0
3193,1,0,0,1,1
3194,1,1,0,1,1
3195,1,1,1,0,1
3196,0,1,1,NaN,1
3197,0,1,0,NaN,0
3198,0,1,0,1,0
3199,0,0,1,NaN,0
3200,1,0,0,NaN,0
3201,1,1,1,NaN,0
3202,1,1,1,1,1
3203,1,1,1,NaN,0
3204,0,0,1,0,0
3205,1,1,0,0,0
3206,1,0,1,0,1
3207,1,1,1,0,0
3208,1,0,1,NaN,1
3209,0,1,1,0,1
3210,1,NaN,0,1,1
3211,0,0,0,1,1
3212,0,0,1,0,1
3213,0,0,1,1,0
3214,0,1,0,0,0
3215,0,1,0,NaN,0
3216,0,1,1,NaN,1
3217,0,1,1,0,0
3218,0,NaN,1,1,0
3219,1,NaN,1,1,1
3220,1,0,1,0,0
3221,0,0,1,0,1
3222,0,1,1,NaN,0
3223,0,1,1,1,0
3224,0,NaN,0,0,0
3225,1,NaN,0,0,1
3226,1,1,1,0,1
3227,0,NaN,1,0,1
3228,0,0,1,NaN,0
3229,0,1,0,0,0
3230,1,0,1,NaN,1
3231,1,NaN,0,1,1
3232,0,0,0,0,1
3233,0,0,0,1,0
3234,1,1,1,NaN,1
3235,0,1,1,0,1
3236,0,NaN,0,1,1
3237,1,0,0,NaN,1
3238,0,NaN,0,1,0
3239,1,1,1,NaN,1
3240,1,NaN,0,NaN,0
3241,1,1,1,0,0
3242,1,NaN,0,0,0
3243,0,NaN,1,1,1
3244,0,1,0,NaN,0
3245,0,0,1,0,0
3246,1,0,1,NaN,0
3247,0,0,0,NaN,0
3248,1,0,0,0,0
3249,1,0,1,NaN,1
3250,1,NaN,0,NaN,1
3251,0,0,0,0,0
3252,0,NaN,1,1,1
3253,1,1,0,NaN,1
3254,0,0,0,NaN,0
3255,0,0,1,1,0
3256,1,1,0,NaN,0
3257,1,0,1,0,0
3258,1,1,0,NaN,0
3259,1,NaN,1,1,0
3260,1,1,0,0,1
3261,1,1,0,0,0
3262,0,NaN,1,1,0
3263,0,NaN,0,1,1
3264,1,NaN,1,0,0
3265,0,1,0,1,1
3266,1,0,0,1,1
3267,0,1,1,1,1
3268,0,1,1,1,0
3269,1,0,0,1,0
3270,0,1,0,1,1
3271,0,0,1,1,1
3272,0,1,0,0,1
3273,0,NaN,1,1,0
3274,1,0,0,0,0
3275,0,NaN,1,0,0
3276,1,0,0,NaN,1
3277,1,NaN,0,NaN,1
3278,1,0,1,NaN,1
3279,0,1,1,0,1
3280,1,NaN,1,NaN,0
3281,0,0,0,0,0
3282,0,0,0,NaN,1
3283,1,1,1,NaN,1
3284,0,1,0,NaN,1
3285,1,NaN,0,0,1
3286,0,0,1,NaN,1
3287,1,NaN,0,0,1
3288,0,0,0,1,0
3289,0,1,1,NaN,1
3290,0,NaN,1,0,0
3291,0,1,1,NaN,0
3292,0,NaN,1,1,0
3293,0,1,0,NaN,1
3294,1,1,0,1,0
3295,0,0,1,1,0
3296,1,1,1,NaN,0
3297,1,NaN,1,0,0
3298,0,1,1,NaN,1
3299,1,1,1,NaN,0
3300,0,NaN,1,0,1
3301,0,1,1,NaN,0
3302,0,1,0,NaN,1
3303,0,NaN,0,0,0
3304,1,NaN,1,1,1
3305,1,1,1,1,0
3306,1,0,1,0,1
3307,1,0,0,1,1
3308,0,1,1,0,1
3309,1,1,0,0,0
3310,0,NaN,1,1,1
3311,0,0,1,NaN,1
3312,1,0,1,1,0
3313,1,0,1,0,0
3314,0,1,1,1,0
3315,1,NaN,1,NaN,1
3316,1,NaN,1,NaN,1
3317,0,1,1,1,1
3318,0,NaN,1,0,1
3319,1,1,0,NaN,1
3320,1,NaN,0,0,1
3321,0,1,0,0,1
3322,0,0,1,NaN,1
3323,1,0,1,1,1
3324,0,NaN,0,0,1
3325,0,NaN,1,1,1
3326,0,1,0,0,1
3327,0,1,0,NaN,0
3328,0,0,0,NaN,0
3329,0,0,1,NaN,1
3330,1,1,0,0,1
3331,0,0,0,NaN,1
3332,1,NaN,0,1,1
3333,0,1,1,1,0
3334,1,NaN,0,0,0
3335,1,1,0,0,1
3336,0,1,0,0,0
3337,0,0,1,1,0
3338,0,0,0,1,1
3339,0,1,0,NaN,1
3340,1,0,0,NaN,1
3341,0,0,0,0,1
3342,1,NaN,1,NaN,1
3343,0,0,0,NaN,1
3344,1,NaN,0,0,0
3345,0,1,0,0,0
3346,1,1,0,0,0
3347,0,1,1,1,1
3348,0,NaN,0,0,1
3349,0,NaN,0,1,1
3350,0,1,1,1,0
3351,1,1,1,1,0
3352,0,NaN,1,NaN,0
3353,0,0,1,NaN,0
3354,0,NaN,1,NaN,0
3355,1,1,0,1,0
3356,0,0,1,1,1
3357,1,NaN,1,1,0
3358,1,NaN,1,NaN,0
3359,1,0,0,0,1
3360,1,1,1,1,0
3361,1,1,1,NaN,0
3362,0,0,1,1,0
3363,0,1,0,NaN,0
3364,0,0,1,NaN,0
3365,0,NaN,1,0,0
3366,0,NaN,0,NaN,1
3367,0,0,1,1,0
3368,0,NaN,1,1,1
3369,0,0,1,NaN,0
3370,1,NaN,1,1,1
3371,0,NaN,0,1,1
3372,0,NaN,0,NaN,0
3373,1,1,0,NaN,0
3374,1,NaN,0,0,0
3375,0,1,0,0,0
3376,0,1,0,0,1
3377,0,1,1,0,0
3378,1,NaN,0,1,0
3379,1,1,1,0,1
3380,0,NaN,1,1,1
3381,1,NaN,1,NaN,0
3382,1,NaN,1,0,0
3383,1,NaN,1,0,1
3384,0,0,0,0,1
3385,0,NaN,1,1,1
3386,1,1,1,0,1
3387,1,NaN,1,NaN,1
3388,0,0,1,1,1
3389,1,0,0,0,0
3390,0,1,1,0,1
3391,1,NaN,0,1,0
3392,1,NaN,1,1,0
3393,0,NaN,0,0,0
3394,1,0,0,1,0
3395,0,NaN,1,1,0
3396,1,NaN,1,0,0
3397,0,1,1,NaN,0
3398,1,1,0,1,0
3399,1,NaN,1,1,0
3400,0,NaN,0,NaN,0
3401,1,NaN,1,1,1
3402,1,0,1,0,1
3403,0,NaN,1,0,1
3404,0,0,0,NaN,1
3405,1,NaN,1,NaN,0
3406,0,1,0,0,1
3407,1,1,0,NaN,0
3408,1,0,0,0,1
3409,1,NaN,1,0,1
3410,0,1,1,0,0
3411,1,0,1,1,0
3412,1,0,0,NaN,1
3413,0,1,1,0,1
3414,1,0,0,0,1
3415,1,NaN,0,0,0
3416,1,1,0,1,0
3417,0,1,0,1,1
3418,1,NaN,1,1,1
3419,1,0,0,1,1
3420,0,NaN,0,1,1
3421,0,0,0,NaN,1
3422,0,1,0,NaN,0
3423,1,1,1,NaN,1
3424,0,1,1,0,0
3425,0,NaN,1,0,1
3426,0,0,0,1,0
3427,1,0,1,1,1
3428,0,1,0,1,0
3429,1,1,1,0,1
3430,0,NaN,0,1,0
3431,0,0,1,1,0
3432,1,NaN,1,NaN,1
3433,1,0,0,0,0
3434,0,0,0,NaN,0
3435,0,1,1,NaN,0
3436,0,0,1,0,1
3437,0,0,0,0,0
3438,1,1,0,1,0
3439,1,1,0,NaN,0
3440,1,0,0,0,1
3441,1,NaN,0,0,0
3442,1,1,0,1,0
3443,0,NaN,1,NaN,1
3444,0,0,0,NaN,0
3445,0,1,1,1,0
3446,0,0,0,NaN,0
3447,0,NaN,1,0,1
3448,0,0,0,1,0
3449,1,0,1,0,0
3450,0,0,1,NaN,1
3451,1,1,1,0,0
3452,1,0,1,0,0
3453,0,1,0,NaN,1
3454,1,1,1,NaN,1
3455,0,0,0,0,1
3456,1,0,1,1,0
3457,0,0,0,0,1
3458,0,1,1,NaN,0
3459,1,1,0,NaN,1
3460,0,NaN,0,1,1
3461,0,0,0,NaN,0
3462,1,0,1,1,1
3463,0,0,1,0,1
3464,1,1,0,NaN,0
3465,1,0,1,1,1
3466,0,1,0,0,1
3467,1,0,1,0,1
3468,1,NaN,1,1,0
3469,0,0,0,1,0
3470,1,1,1,NaN,1
3471,0,0,1,NaN,0
3472,1,0,0,NaN,1
3473,1,0,1,1,1
3474,1,NaN,1,1,1
3475,0,0,1,0,0
3476,0,1,0,0,1
3477,0,0,1,1,0
3478,1,1,0,0,0
3479,0,1,0,1,1
3480,0,NaN,1,NaN,1
3481,1,1,1,1,1
3482,0,1,1,1,1
3483,1,0,0,NaN,1
3484,1,1,0,NaN,1
3485,1,1,0,1,0
3486,1,NaN,0,0,0
3487,1,0,0,0,0
3488,1,NaN,0,0,1
3489,0,0,1,1,1
3490,0,1,0,0,0
3491,1,NaN,1,1,1
3492,0,1,0,1,0
3493,1,NaN,1,NaN,1
3494,0,0,0,1,0
3495,0,NaN,1,1,0
3496,1,NaN,0,0,1
3497,0,0,0,1,1
3498,0,1,0,1,1
3499,1,NaN,1,0,1
3500,0,0,1,0,0
3501,1,NaN,0,0,0
3502,1,0,1,NaN,1
3503,1,NaN,0,NaN,1
3504,1,0,0,0,0
3505,0,NaN,0,1,1
3506,1,1,1,1,1
3507,0,0,0,NaN,1
3508,1,0,0,NaN,0
3509,0,NaN,0,NaN,1
3510,1,0,0,1,0
3511,1,1,1,1,0
3512,1,NaN,1,NaN,0
3513,1,0,0,NaN,1
3514,0,NaN,1,1,0
3515,1,0,1,0,0
3516,0,1,0,1,0
3517,1,1,1,0,1
3518,0,NaN,1,0,0
3519,1,1,0,0,0
3520,0,1,1,1,0
3521,1,0,0,1,0
3522,1,1,0,1,1
3523,1,0,0,0,0
3524,0,NaN,1,1,0
3525,1,NaN,1,1,0
3526,1,NaN,1,0,0
3527,0,0,1,NaN,0
3528,0,1,1,0,1
3529,1,0,1,NaN,1
3530,0,NaN,0,0,0
3531,0,0,0,1,0
3532,1,0,0,NaN,0
3533,0,1,1,NaN,1
3534,1,1,1,NaN,0
3535,1,NaN,1,NaN,0
3536,1,0,1,0,0
3537,1,0,1,0,0
3538,1,0,0,NaN,1
3539,1,1,1,NaN,0
3540,1,0,0,NaN,1
3541,0,NaN,0,1,0
3542,1,1,1,0,0
3543,0,1,1,NaN,0
3544,0,0,0,1,1
3545,1,1,0,1,1
3546,1,1,0,1,0
3547,1,NaN,1,1,0
3548,1,1,0,1,0
3549,0,NaN,1,NaN,1
3550,0,0,0,NaN,0
3551,0,NaN,1,1,0
3552,0,1,0,0,0
3553,1,NaN,1,NaN,1
3554,0,NaN,1,NaN,1
3555,1,0,0,0,0
3556,1,NaN,1,NaN,0
3557,1,0,1,NaN,0
3558,0,NaN,0,0,1
3559,0,NaN,0,1,1
3560,0,NaN,1,1,1
3561,0,0,0,1,0
3562,0,NaN,0,1,0
3563,0,1,1,NaN,1
3564,1,NaN,0,NaN,0
3565,1,NaN,1,1,1
3566,0,1,1,0,0
3567,0,NaN,0,0,0
3568,1,1,1,0,1
3569,0,NaN,1,0,0
3570,0,NaN,1,0,0
3571,1,1,0,NaN,0
3572,0,1,1,NaN,1
3573,1,NaN,1,0,0
3574,0,0,0,NaN,0
3575,1,NaN,0,NaN,1
3576,1,0,0,1,0
3577,1,1,1,0,1
3578,0,NaN,1,1,0
3579,1,1,1,0,0
3580,1,NaN,1,1,0
3581,0,0,1,NaN,1
3582,0,1,0,NaN,1
3583,1,0,1,NaN,0
3584,1,NaN,0,0,1
3585,1,NaN,0,NaN,0
3586,1,NaN,1,NaN,1
3587,0,0,1,1,1
3588,1,1,1,1,0
3589,0,NaN,1,1,1
3590,0,1,1,NaN,0
3591,0,1,0,1,1
3592,0,0,0,NaN,1
3593,0,NaN,0,NaN,1
3594,1,1,0,1,0
3595,0,0,1,NaN,1
3596,0,1,1,NaN,1
3597,1,1,1,NaN,1
3598,0,NaN,0,1,0
3599,1,1,0,0,0
3600,1,1,0,1,0
3601,0,1,1,1,1
3602,0,0,1,1,1
3603,0,NaN,1,NaN,1
3604,0,1,1,NaN,1
3605,0,1,0,0,1
3606,1,0,0,NaN,1
3607,1,1,0,0,0
3608,1,0,0,1,1
3609,0,0,0,1,1
3610,0,1,0,NaN,1
3611,1,0,0,NaN,1
3612,1,0,0,0,1
3613,0,1,1,0,0
3614,0,NaN,1,1,1
3615,1,1,1,NaN,0
3616,1,NaN,1,1,1
3617,1,1,0,0,0
3618,1,1,0,0,1
3619,1,1,0,NaN,1
3620,0,0,1,NaN,1
3621,0,NaN,0,0,1
3622,1,1,0,0,1
3623,0,1,0,NaN,1
3624,1,NaN,1,0,1
3625,1,0,0,NaN,1
3626,0,NaN,0,1,0
3627,0,0,0,NaN,1
3628,1,0,1,NaN,1
3629,1,1,0,NaN,1
3630,0,NaN,1,1,0
3631,0,1,1,NaN,0
3632,1,NaN,0,NaN,0
3633,0,0,1,NaN,1
3634,1,NaN,1,NaN,0
3635,0,1,1,1,1
3636,1,NaN,0,NaN,0
3637,0,1,0,1,1
3638,0,1,0,1,1
3639,1,0,1,0,0
3640,0,0,0,0,1
3641,1,0,1,1,1
3642,0,1,1,0,1
3643,1,1,1,0,1
3644,1,1,0,1,1
3645,0,1,0,NaN,0
3646,0,1,1,NaN,0
3647,1,1,1,1,1
3648,1,0,0,1,1
3649,0,NaN,1,0,1
3650,1,NaN,0,1,1
3651,1,NaN,0,0,1
3652,0,1,1,NaN,0
3653,0,0,1,NaN,0
3654,1,NaN,1,0,1
3655,0,1,0,1,1
3656,1,0,1,1,0
3657,0,0,1,0,1
3658,1,1,0,NaN,0
3659,0,0,1,NaN,1
3660,0,NaN,1,0,1
3661,1,1,1,1,1
3662,1,NaN,0,0,1
3663,1,0,0,1,0
3664,1,1,1,1,0
3665,1,0,1,0,0
3666,0,NaN,1,1,0
3667,0,1,1,1,0
3668,0,NaN,1,1,0
3669,0,0,0,0,1
3670,1,NaN,0,0,0
3671,1,0,1,1,0
3672,1,NaN,0,1,0
3673,1,1,0,NaN,1
3674,1,NaN,1,NaN,0
3675,0,NaN,0,1,0
3676,1,NaN,1,1,1
3677,1,1,0,NaN,0
3678,1,1,1,0,1
3679,1,NaN,1,NaN,0
3680,0,NaN,0,NaN,1
3681,1,1,0,1,1
3682,0,1,1,1,1
3683,0,0,1,1,0
3684,0,0,1,NaN,1
3685,0,0,1,0,0
3686,0,0,0,NaN,1
3687,0,0,0,NaN,1
3688,1,0,0,0,0
3689,1,1,1,1,1
3690,0,0,1,0,0
3691,0,1,1,1,0
3692,1,NaN,1,1,0
3693,0,0,1,NaN,1
3694,0,NaN,1,NaN,1
3695,0,1,0,NaN,0
3696,0,NaN,1,0,1
3697,0,0,0,0,1
3698,0,0,1,NaN,0
3699,1,NaN,0,NaN,1
3700,0,NaN,1,NaN,1
3701,0,1,1,1,1
3702,1,1,0,0,0
3703,0,0,1,1,1
3704,0,0,1,0,1
3705,1,NaN,1,0,0
3706,0,0,0,NaN,0
3707,1,NaN,1,NaN,0
3708,0,NaN,0,0,1
3709,0,1,0,0,0
3710,0,1,1,1,1
3711,0,NaN,1,NaN,0
3712,0,0,1,0,1
3713,0,NaN,1,0,0
3714,1,0,1,0,0
3715,0,NaN,1,1,0
3716,0,NaN,1,NaN,1
3717,0,NaN,0,NaN,0
3718,0,0,1,0,1
3719,0,0,0,NaN,0
3720,0,NaN,1,0,1
3721,1,0,1,0,1
3722,0,0,0,NaN,0
3723,0,1,1,1,0
3724,1,1,0,1,1
3725,1,1,1,1,1
3726,0,0,1,1,1
3727,1,1,1,1,1
3728,0,1,1,1,0
3729,0,1,0,1,0
3730,0,NaN,1,1,1
3731,1,NaN,0,NaN,1
3732,1,NaN,0,1,0
3733,0,0,1,NaN,0
3734,0,0,0,0,1
3735,0,1,0,NaN,0
3736,1,NaN,0,1,1
3737,1,1,1,NaN,1
3738,0,1,0,0,1
3739,0,1,0,NaN,0
3740,1,1,0,1,1
3741,1,NaN,0,NaN,0
3742,0,1,1,NaN,0
3743,0,NaN,0,0,0
3744,0,0,0,1,0
3745,0,1,1,1,1
3746,0,NaN,0,NaN,1
3747,0,0,1,1,0
3748,0,NaN,1,0,0
3749,1,0,1,NaN,1
3750,0,0,0,1,1
3751,0,1,1,NaN,1
3752,0,0,0,NaN,1
3753,0,1,0,0,0
3754,0,1,0,1,0
3755,1,0,0,NaN,1
3756,0,1,0,1,0
3757,0,1,0,1,1
3758,1,0,1,1,1
3759,0,0,1,1,1
3760,1,NaN,0,0,0
3761,0,1,0,1,1
3762,0,NaN,1,1,0
3763,0,1,1,1,0
3764,0,NaN,1,1,0
3765,0,1,1,0,1
3766,1,1,0,0,0
3767,0,NaN,1,0,1
3768,0,NaN,0,0,0
3769,0,1,0,0,1
3770,0,0,1,0,1
3771,0,1,0,0,1
3772,1,1,1,NaN,1
3773,1,0,0,0,1
3774,0,1,0,NaN,0
3775,0,0,1,0,1
3776,0,0,1,NaN,0
3777,1,0,0,NaN,0
3778,1,1,1,1,0
3779,0,NaN,0,0,0
3780,1,1,0,NaN,1
3781,1,1,1,0,1
3782,0,NaN,1,NaN,1
3783,0,1,1,0,0
3784,0,NaN,0,1,1
3785,1,NaN,0,NaN,0
3786,1,NaN,0,0,1
3787,0,0,0,1,1
3788,0,1,0,NaN,0
3789,1,NaN,0,1,1
3790,0,NaN,1,NaN,0
3791,0,1,0,1,0
3792,1,0,0,0,0
3793,0,NaN,1,0,1
3794,1,NaN,0,0,1
3795,0,NaN,1,NaN,1
3796,1,0,0,1,1
3797,0,0,1,0,0
3798,1,0,1,NaN,0
3799,0,1,1,1,0
3800,0,1,1,0,1
3801,1,0,0,0,0
3802,1,0,1,1,0
3803,0,0,0,NaN,0
3804,0,NaN,0,NaN,0
3805,1,NaN,0,0,0
3806,0,1,0,0,0
3807,1,0,1,1,0
3808,0,1,1,1,0
3809,1,1,1,0,0
3810,1,1,1,1,1
3811,1,NaN,1,NaN,0
3812,1,1,1,1,0
3813,1,NaN,0,1,0
3814,0,1,1,0,1
3815,1,0,1,1,1
3816,1,0,0,0,1
3817,1,NaN,1,0,1
3818,1,NaN,1,NaN,0
3819,1,0,0,0,1
3820,0,NaN,0,0,1
3821,1,0,1,0,1
3822,0,0,0,NaN,1
3823,0,NaN,0,1,0
3824,0,0,1,1,1
3825,1,NaN,1,NaN,1
3826,0,NaN,1,0,0
3827,1,0,0,0,1
3828,1,1,0,1,1
3829,1,0,0,0,1
3830,0,0,1,1,0
3831,0,NaN,1,NaN,1
3832,0,NaN,0,1,1
3833,1,0,0,NaN,0
3834,1,1,0,NaN,0
3835,0,1,1,0,1
3836,1,1,1,NaN,0
3837,0,NaN,0,1,0
3838,1,NaN,0,NaN,0
3839,0,NaN,1,NaN,1
3840,0,0,1,0,0
3841,0,NaN,0,1,1
3842,0,0,1,NaN,0
3843,1,NaN,1,1,0
3844,0,1,0,NaN,0
3845,1,NaN,1,NaN,0
3846,0,0,0,1,0
3847,1,NaN,0,1,1
3848,1,NaN,0,0,0
3849,0,NaN,0,NaN,1
3850,1,0,1,0,0
3851,0,0,1,0,1
3852,1,NaN,0,0,0
3853,1,NaN,0,NaN,1
3854,0,0,0,1,1
3855,1,0,0,0,1
3856,1,0,0,0,1
3857,1,NaN,1,NaN,0
3858,0,0,0,1,1
3859,1,NaN,1,1,0
3860,1,1,1,NaN,0
3861,0,1,0,1,0
3862,1,0,1,0,1
3863,0,1,1,1,1
3864,1,0,0,1,1
3865,0,0,0,0,0
3866,0,NaN,0,0,0
3867,1,NaN,0,0,0
3868,0,NaN,0,NaN,1
3869,1,NaN,1,NaN,1
3870,0,NaN,1,NaN,1
3871,0,0,0,NaN,0
3872,0,NaN,1,0,1
3873,1,NaN,0,0,1
3874,0,0,1,NaN,1
3875,0,1,0,0,1
3876,1,0,0,0,1
3877,0,0,0,NaN,0
3878,1,NaN,0,0,1
3879,0,0,0,NaN,1
3880,0,NaN,0,1,1
3881,1,1,0,1,0
3882,0,0,0,NaN,1
3883,0,NaN,0,NaN,1
3884,1,1,0,0,1
3885,1,0,1,NaN,1
3886,1,0,1,1,1
3887,0,NaN,1,1,1
3888,1,0,1,0,0
3889,0,NaN,0,NaN,0
3890,0,NaN,1,NaN,1
3891,1,NaN,1,0,1
3892,1,1,1,NaN,1
3893,0,0,1,0,0
3894,0,0,0,NaN,0
3895,1,NaN,1,0,0
3896,0,1,0,NaN,0
3897,0,0,1,NaN,1
3898,1,NaN,1,1,1
3899,0,0,0,0,0
3900,0,0,1,0,1
3901,1,NaN,1,0,1
3902,1,NaN,1,NaN,0
3903,1,NaN,1,1,1
3904,1,1,0,NaN,1
3905,1,1,1,NaN,1
3906,1,1,1,NaN,1
3907,0,NaN,1,0,0
3908,1,1,0,NaN,0
3909,1,1,1,0,0
3910,1,1,0,1,0
3911,0,0,1,0,1
3912,0,NaN,1,1,1
3913,0,NaN,0,NaN,1
3914,1,NaN,0,1,0
3915,0,0,1,1,1
3916,1,1,0,1,1
3917,0,0,0,NaN,1
3918,0,1,0,1,1
3919,1,1,1,1,1
3920,0,1,0,0,0
3921,1,NaN,1,NaN,1
3922,1,NaN,0,NaN,1
3923,1,NaN,0,0,0
3924,1,NaN,0,NaN,0
3925,1,0,0,1,0
3926,1,1,0,0,0
3927,1,0,0,1,1
3928,1,0,0,1,1
3929,1,1,1,1,1
3930,1,0,0,1,0
3931,0,0,1,1,1
3932,0,0,0,1,0
3933,0,0,0,NaN,0
3934,1,0,1,0,1
3935,1,0,1,NaN,0
3936,1,0,1,1,1
3937,0,1,1,1,1
3938,1,NaN,1,1,0
3939,0,1,1,0,1
3940,0,NaN,0,1,0
3941,1,1,0,0,1
3942,0,NaN,1,1,1
3943,1,NaN,0,NaN,1
3944,0,1,0,0,1
3945,0,0,1,NaN,1
3946,1,NaN,0,0,0
3947,1,0,0,1,1
3948,1,0,1,0,1
3949,1,1,0,1,1
3950,0,NaN,1,0,1
3951,0,1,1,1,0
3952,0,NaN,0,NaN,0
3953,0,0,0,0,1
3954,1,NaN,0,1,0
3955,0,0,1,NaN,0
3956,1,0,0,0,1
3957,1,0,1,0,1
3958,1,0,0,0,0
3959,1,1,0,0,0
3960,1,1,1,NaN,1
3961,1,NaN,1,0,0
3962,1,0,0,0,1
3963,1,0,0,0,1
3964,0,1,1,NaN,1
3965,0,1,0,0,1
3966,1,NaN,0,NaN,1
3967,1,NaN,1,1,1
3968,1,1,0,1,0
3969,1,1,0,0,1
3970,0,1,1,0,1
3971,0,0,1,0,1
3972,0,0,1,1,1
3973,0,0,1,1,0
3974,1,NaN,1,NaN,1
3975,0,1,1,NaN,0
3976,0,0,1,NaN,1
3977,1,1,1,NaN,1
3978,1,NaN,0,1,0
3979,1,0,0,1,1
3980,0,0,0,0,0
3981,1,NaN,0,NaN,1
3982,0,NaN,1,1,1
3983,1,1,1,0,0
3984,1,0,1,1,1
3985,0,0,1,1,0
3986,1,0,1,NaN,0
3987,1,0,1,0,1
3988,1,0,0,1,0
3989,1,0,0,NaN,0
3990,1,NaN,1,NaN,0
3991,0,1,0,1,0
3992,0,NaN,1,NaN,0
3993,0,1,1,NaN,1
3994,1,0,1,1,0
3995,1,1,0,1,0
3996,0,0,0,NaN,1
3997,0,0,1,0,1
3998,1,NaN,1,0,1
3999,1,0,1,1,0
4000,1,NaN,1,1,0
4001,0,0,0,0,0
4002,0,NaN,0,NaN,0
4003,0,0,1,0,1
4004,0,0,1,1,0
4005,0,NaN,0,1,0
4006,1,0,0,NaN,1
4007,1,NaN,0,1,0
4008,0,NaN,1,NaN,1
4009,1,1,1,0,0
4010,0,NaN,0,1,1
4011,1,1,1,NaN,1
4012,0,NaN,1,0,0
4013,1,1,1,0,0
4014,1,0,1,1,1
4015,1,1,0,NaN,0
4016,0,NaN,0,NaN,0
4017,0,NaN,1,0,0
4018,1,0,1,0,1
4019,0,NaN,0,1,1
4020,0,NaN,0,0,1
4021,0,NaN,0,0,1
4022,0,NaN,0,1,1
4023,1,NaN,1,1,1
4024,1,1,0,0,1
4025,0,0,0,1,1
4026,0,NaN,1,NaN,0
4027,0,0,0,0,1
4028,1,NaN,1,1,1
4029,1,0,1,1,0
4030,0,0,0,1,0
4031,1,NaN,1,NaN,0
4032,1,0,0,NaN,0
4033,1,NaN,0,0,0
4034,0,1,0,0,0
4035,0,1,1,1,0
4036,0,NaN,1,NaN,1
4037,0,1,0,NaN,1
4038,1,0,0,1,1
4039,0,0,1,1,1
4040,1,0,1,1,0
4041,1,NaN,1,NaN,0
4042,0,NaN,1,0,0
4043,1,1,1,NaN,1
4044,1,1,0,NaN,0
4045,0,1,0,NaN,1
4046,0,NaN,1,0,0
4047,1,NaN,0,0,1
4048,0,NaN,0,0,1
4049,1,NaN,0,1,0
4050,0,0,1,0,1
4051,1,1,0,1,1
4052,0,1,1,1,0
4053,0,0,0,0,0
4054,0,NaN,1,0,0
4055,1,1,1,0,0
4056,1,1,0,0,0
4057,1,1,1,0,0
4058,0,0,0,NaN,0
4059,1,1,0,1,1
4060,0,NaN,1,1,1
4061,1,1,1,NaN,1
4062,1,1,1,0,1
4063,0,1,0,1,0
4064,0,NaN,1,0,1
4065,1,0,1,0,1
4066,0,NaN,0,1,1
4067,1,1,1,NaN,0
4068,1,0,1,1,0
4069,1,NaN,1,1,0
4070,1,1,1,NaN,1
4071,0,0,0,NaN,1
4072,1,NaN,1,NaN,0
4073,0,1,0,1,0
4074,0,0,1,NaN,1
4075,0,NaN,1,0,0
4076,0,1,1,NaN,1
4077,1,0,0,0,0
4078,1,1,1,0,0
4079,0,0,0,0,1
4080,0,1,1,1,0
4081,1,NaN,0,1,0
4082,0,1,0,NaN,0
4083,0,0,1,NaN,0
4084,0,1,0,1,0
4085,1,0,0,1,0
4086,1,0,1,0,0
4087,0,NaN,0,1,1
4088,1,1,0,NaN,1
4089,0,NaN,0,1,0
4090,1,0,1,0,1
4091,1,NaN,0,NaN,0
4092,0,NaN,0,1,1
4093,0,1,0,1,0
4094,0,1,0,NaN,0
4095,0,0,0,NaN,1
4096,1,1,1,1,0
4097,0,1,0,0,1
4098,0,0,0,1,0
4099,0,0,1,NaN,0
4100,0,0,1,0,1
4101,1,1,0,0,1
4102,0,1,0,0,0
4103,0,NaN,0,1,0
4104,0,0,0,0,1
4105,0,NaN,0,0,0
4106,0,1,0,NaN,0
4107,1,NaN,1,NaN,1
4108,1,0,1,0,0
4109,1,NaN,0,0,0
4110,1,0,0,1,0
4111,1,0,1,NaN,0
4112,0,1,0,0,1
4113,0,NaN,0,0,1
4114,0,0,1,1,1
4115,1,1,0,NaN,1
4116,1,NaN,1,0,0
4117,1,1,0,0,1
4118,0,1,0,1,0
4119,1,0,0,0,0
4120,0,0,0,0,0
4121,1,0,0,1,0
4122,0,1,0,0,0
4123,0,NaN,0,NaN,0
4124,1,0,0,0,0
4125,0,1,0,NaN,1
4126,1,NaN,1,0,0
4127,1,1,0,NaN,1
4128,0,0,1,1,0
4129,1,1,1,1,0
4130,0,0,0,NaN,0
4131,0,1,1,0,1
4132,1,1,1,0,1
4133,0,1,1,1,1
4134,1,0,1,0,0
4135,0,1,0,NaN,0
4136,1,1,0,0,1
4137,1,0,1,0,0
4138,0,1,1,0,1
4139,1,0,1,NaN,1
4140,1,NaN,1,0,1
4141,0,0,0,NaN,0
4142,0,NaN,1,0,0
4143,1,0,1,NaN,1
4144,0,NaN,0,0,1
4145,0,NaN,0,NaN,0
4146,0,1,1,NaN,1
4147,1,1,1,0,0
4148,0,0,1,0,0
4149,0,NaN,1,NaN,0
4150,1,0,0,0,0
4151,1,NaN,0,NaN,1
4152,1,NaN,0,NaN,1
4153,1,1,0,NaN,1
4154,0,NaN,1,NaN,1
4155,0,1,1,0,1
4156,1,0,0,NaN,1
4157,1,NaN,0,0,1
4158,1,NaN,1,1,1
4159,0,NaN,1,1,1
4160,1,0,0,0,1
4161,0,NaN,1,NaN,1
4162,1,NaN,0,NaN,1
4163,1,1,0,NaN,0
4164,1,0,0,1,0
4165,0,0,0,1,1
4166,0,1,1,1,1
4167,1,1,0,1,1
4168,1,1,0,0,0
4169,1,1,1,1,0
4170,1,0,1,0,1
4171,1,1,1,0,1
4172,0,0,0,1,1
4173,0,0,1,1,1
4174,0,0,1,1,1
4175,0,0,0,NaN,0
4176,0,0,1,1,0
4177,1,NaN,1,0,0
4178,1,1,0,1,1
4179,1,0,0,0,0
4180,0,0,0,1,1
4181,1,NaN,1,NaN,1
4182,1,1,0,NaN,1
4183,0,NaN,1,0,1
4184,0,1,1,1,1
4185,0,NaN,1,NaN,0
4186,0,1,0,NaN,0
4187,1,1,0,0,0
4188,1,NaN,1,NaN,1
4189,0,1,1,NaN,1
4190,0,1,1,NaN,1
4191,0,0,0,0,1
4192,0,NaN,1,0,1
4193,1,NaN,0,0,1
4194,0,NaN,0,1,1
4195,1,1,1,NaN,0
4196,1,0,1,NaN,1
4197,0,NaN,0,NaN,1
4198,0,0,0,1,1
4199,0,0,1,0,0
4200,0,0,0,0,1
4201,0,NaN,0,1,1
4202,1,1,1,NaN,0
4203,1,0,1,NaN,0
4204,1,0,0,NaN,1
4205,0,NaN,0,0,1
4206,1,0,0,1,0
4207,0,NaN,1,1,1
4208,0,1,0,NaN,1
4209,1,0,0,NaN,1
4210,1,0,0,NaN,1
4211,0,NaN,0,0,0
4212,0,1,1,0,1
4213,0,0,1,NaN,1
4214,0,NaN,0,NaN,1
4215,1,NaN,1,NaN,0
4216,1,0,1,NaN,0
4217,1,NaN,1,NaN,0
4218,0,NaN,1,NaN,0
4219,1,1,0,1,1
4220,0,1,1,NaN,0
4221,1,1,0,NaN,0
4222,1,1,1,NaN,0
4223,1,0,0,NaN,1
4224,1,1,1,0,0
4225,0,NaN,0,1,0
4226,1,NaN,0,NaN,0
4227,1,NaN,0,1,0
4228,0,0,0,0,0
4229,1,NaN,1,0,0
4230,0,1,0,0,0
4231,0,1,1,1,1
4232,0,0,0,NaN,0
4233,1,0,1,NaN,1
4234,1,NaN,0,1,0
4235,0,NaN,0,1,1
4236,1,0,1,1,0
4237,0,0,0,1,1
4238,1,0,0,NaN,0
4239,0,NaN,0,1,1
4240,1,0,0,0,0
4241,1,NaN,0,1,1
4242,1,0,0,0,0
4243,1,1,0,0,0
4244,0,NaN,1,NaN,1
4245,0,0,1,1,1
4246,1,NaN,0,NaN,1
4247,1,0,0,0,0
4248,0,0,1,0,1
4249,0,NaN,1,1,0
4250,1,1,1,NaN,1
4251,1,0,1,0,0
4252,1,NaN,0,1,0
4253,0,1,0,1,1
4254,1,NaN,0,0,1
4255,1,NaN,0,0,1
4256,1,1,1,1,0
4257,1,1,0,1,0
4258,1,1,0,1,1
4259,1,0,1,1,0
4260,1,NaN,1,NaN,0
4261,1,1,1,1,1
4262,1,0,0,NaN,1
4263,0,NaN,0,NaN,1
4264,0,1,0,0,0
4265,1,1,1,NaN,0
4266,1,1,0,0,0
4267,1,NaN,1,1,0
4268,0,0,0,0,0
4269,1,0,0,1,1
4270,1,1,0,NaN,1
4271,1,NaN,1,NaN,1
4272,1,NaN,0,0,1
4273,1,0,0,0,0
4274,1,NaN,1,0,0
4275,0,1,0,0,1
4276,0,NaN,0,1,0
4277,0,NaN,1,NaN,0
4278,1,0,1,1,0
4279,1,0,1,1,0
4280,1,0,1,0,0
4281,1,1,1,1,0
4282,1,0,1,NaN,0
4283,1,0,0,0,0
4284,0,0,0,NaN,0
4285,1,1,1,NaN,0
4286,0,0,1,0,0
4287,0,1,1,1,1
4288,0,0,1,1,1
4289,1,1,1,NaN,1
4290,1,0,1,1,0
4291,1,1,0,0,0
4292,0,1,0,0,0
4293,1,1,1,1,1
4294,0,0,0,0,0
4295,0,NaN,1,1,0
4296,1,NaN,1,0,0
4297,0,0,1,0,0
4298,1,0,1,NaN,0
4299,1,NaN,1,1,1
4300,1,0,1,1,0
4301,1,1,1,0,1
4302,0,1,0,1,0
4303,1,1,1,0,0
4304,0,1,1,NaN,0
4305,1,1,1,0,1
4306,1,0,0,1,0
4307,0,1,1,0,1
4308,0,NaN,1,0,1
4309,0,1,1,NaN,1
4310,0,1,0,NaN,1
4311,0,1,0,NaN,0
4312,1,1,1,1,1
4313,1,1,1,1,0
4314,0,1,0,0,1
4315,0,NaN,0,0,1
4316,1,0,1,0,0
4317,1,1,0,0,1
4318,1,0,0,1,0
4319,1,NaN,0,1,1
4320,0,1,0,1,1
4321,1,NaN,0,NaN,0
4322,0,NaN,1,1,1
4323,0,1,1,1,0
4324,1,NaN,0,NaN,1
4325,1,1,0,1,0
4326,1,1,0,1,0
4327,0,0,1,1,0
4328,1,1,1,1,0
4329,1,0,1,1,0
4330,0,NaN,0,NaN,0
4331,0,1,0,0,1
4332,1,0,1,0,0
4333,1,0,1,NaN,1
4334,0,0,0,0,0
4335,0,1,1,NaN,1
4336,0,1,1,1,0
4337,1,0,1,1,1
4338,1,1,0,1,1
4339,0,0,1,NaN,0
4340,0,NaN,1,0,1
4341,1,1,0,NaN,1
4342,1,1,1,1,1
4343,1,NaN,0,1,0
4344,0,NaN,0,0,1
4345,0,0,0,NaN,0
4346,0,0,0,1,0
4347,1,NaN,0,NaN,0
4348,1,NaN,0,NaN,0
4349,0,1,0,1,0
4350,1,NaN,0,0,1
4351,1,0,1,0,1
4352,1,1,0,NaN,0
4353,0,1,0,NaN,0
4354,1,1,1,NaN,0
4355,1,0,0,NaN,0
4356,0,NaN,0,1,1
4357,1,NaN,0,1,1
4358,1,1,1,0,1
4359,0,0,1,0,0
4360,1,0,0,NaN,1
4361,0,0,1,1,1
4362,1,0,1,NaN,1
4363,1,NaN,0,NaN,1
4364,0,0,1,1,1
4365,0,1,1,0,0
4366,1,0,1,0,0
4367,0,NaN,0,NaN,1
4368,0,1,1,0,0
4369,1,1,0,0,1
4370,0,1,0,0,1
4371,1,1,1,1,0
4372,0,0,0,0,0
4373,1,NaN,1,NaN,1
4374,1,NaN,0,0,1
4375,0,NaN,1,1,0
4376,1,0,1,1,0
4377,0,1,1,NaN,0
4378,1,0,0,0,1
4379,0,NaN,0,0,0
4380,1,NaN,0,1,1
4381,0,0,1,1,1
4382,1,1,0,1,0
4383,0,0,0,1,0
4384,0,1,0,NaN,1
4385,0,1,1,0,0
4386,1,0,0,0,0
4387,0,NaN,0,NaN,0
4388,0,NaN,1,1,0
4389,1,NaN,0,0,1
4390,0,0,0,0,1
4391,1,NaN,1,0,1
4392,0,1,1,NaN,0
4393,0,0,1,NaN,0
4394,0,0,0,1,0
4395,0,0,1,0,0
4396,0,0,0,NaN,0
4397,1,0,0,0,1
4398,0,0,1,0,0
4399,0,NaN,0,0,0
4400,0,0,0,NaN,0
4401,1,1,0,1,1
4402,0,1,1,1,0
4403,0,NaN,0,0,1
4404,1,NaN,0,0,1
4405,1,NaN,0,0,1
4406,1,NaN,1,NaN,1
4407,0,NaN,1,0,1
4408,1,0,1,1,0
4409,1,1,1,NaN,0
4410,1,0,0,0,1
4411,0,0,1,0,1
4412,0,NaN,1,NaN,0
4413,1,NaN,0,1,0
4414,0,NaN,1,0,1
4415,1,NaN,1,1,1
4416,0,1,1,1,1
4417,0,1,0,NaN,1
4418,0,0,0,0,1
4419,1,1,0,0,0
4420,0,0,1,0,1
4421,1,1,1,1,0
4422,1,1,0,1,1
4423,1,0,1,1,0
4424,1,1,1,1,0
4425,1,1,0,NaN,1
4426,1,NaN,0,0,1
4427,0,1,0,NaN,1
4428,0,1,1,NaN,0
4429,1,NaN,1,0,1
4430,0,0,0,1,0
4431,0,NaN,0,1,1
4432,0,NaN,0,1,0
4433,1,NaN,1,1,1
4434,0,0,1,0,1
4435,0,NaN,1,0,1
4436,0,NaN,1,0,1
4437,0,NaN,1,1,0
4438,0,1,1,NaN,1
4439,1,NaN,0,1,0
4440,0,NaN,0,1,1
4441,1,NaN,1,NaN,0
4442,1,NaN,0,1,1
4443,1,1,0,1,1
4444,1,0,0,1,0
4445,1,NaN,1,NaN,0
4446,0,1,1,0,0
4447,1,0,1,NaN,1
4448,0,NaN,0,1,1
4449,0,NaN,1,1,1
4450,0,0,1,0,0
4451,1,1,0,NaN,1
4452,1,NaN,1,1,0
4453,0,0,1,NaN,0
4454,1,NaN,0,1,1
4455,1,0,1,1,0
4456,0,0,0,0,0
4457,1,NaN,0,1,0
4458,0,0,0,NaN,0
4459,0,NaN,0,NaN,0
4460,1,NaN,0,NaN,1
4461,0,1,0,NaN,0
4462,0,NaN,0,0,1
4463,0,NaN,1,1,1
4464,0,0,1,1,0
4465,1,0,1,1,0
4466,1,1,0,NaN,1
4467,0,NaN,0,1,0
4468,0,0,0,NaN,1
4469,0,NaN,0,NaN,1
4470,0,1,0,1,1
4471,1,NaN,1,1,0
4472,1,0,1,0,0
4473,1,NaN,1,0,1
4474,0,0,0,0,1
4475,1,NaN,1,NaN,0
4476,0,1,1,NaN,0
4477,0,1,1,NaN,1
4478,0,1,0,1,1
4479,1,NaN,1,0,1
4480,1,1,1,0,1
4481,0,0,1,0,0
4482,0,0,0,1,0
4483,0,NaN,0,0,1
4484,1,0,1,0,0
4485,0,NaN,1,0,1
4486,1,0,0,0,1
4487,0,0,0,NaN,0
4488,0,1,0,0,0
4489,0,NaN,1,NaN,0
4490,0,NaN,0,1,1
4491,0,NaN,1,1,1
4492,1,1,1,0,0
4493,0,NaN,1,NaN,1
4494,1,0,1,NaN,0
4495,1,0,0,0,1
4496,1,NaN,0,0,0
4497,1,1,0,1,1
4498,0,NaN,0,0,1
4499,0,0,1,1,0
4500,0,0,0,0,1
4501,0,1,0,1,0
4502,1,NaN,1,NaN,0
4503,0,NaN,1,0,1
4504,1,0,0,NaN,0
4505,0,NaN,0,NaN,0
4506,0,NaN,1,NaN,1
4507,0,NaN,0,0,1
4508,0,1,1,NaN,1
4509,0,1,1,NaN,1
4510,0,1,0,0,0
4511,0,1,0,0,0
4512,1,NaN,1,0,1
4513,1,0,1,1,1
4514,0,1,0,NaN,1
4515,1,0,0,1,0
4516,1,0,1,NaN,0
4517,0,0,1,0,1
4518,0,NaN,1,1,0
4519,1,NaN,0,0,0
4520,1,0,1,1,0
4521,1,1,0,1,1
4522,1,0,1,0,0
4523,0,NaN,0,NaN,1
4524,1,0,1,NaN,0
4525,0,1,0,1,1
4526,1,1,0,1,0
4527,1,NaN,1,0,1
4528,1,NaN,0,NaN,1
4529,1,0,1,1,1
4530,1,NaN,0,0,0
4531,1,NaN,1,NaN,0
4532,0,1,0,NaN,1
4533,0,1,1,1,0
4534,0,1,0,1,1
4535,1,0,0,NaN,1
4536,1,0,1,1,0
4537,1,1,1,NaN,1
4538,0,0,0,0,0
4539,1,0,0,0,1
4540,1,0,1,1,0
4541,1,1,0,0,0
4542,0,NaN,0,1,1
4543,0,1,1,NaN,0
4544,0,NaN,1,1,0
4545,1,0,0,1,0
4546,1,NaN,0,NaN,0
4547,1,NaN,0,1,1
4548,1,0,1,NaN,0
4549,1,1,0,1,1
4550,1,1,1,NaN,1
4551,1,NaN,0,0,1
4552,0,1,0,NaN,1
4553,1,NaN,0,0,1
4554,0,1,0,NaN,0
4555,0,1,0,NaN,1
4556,0,1,1,1,1
4557,1,0,1,1,0
4558,0,1,1,0,1
4559,1,1,1,1,0
4560,1,1,0,0,1
4561,0,1,1,NaN,0
4562,1,NaN,0,0,1
4563,1,NaN,1,NaN,1
4564,0,1,1,0,0
4565,1,0,0,NaN,1
4566,0,0,1,NaN,1
4567,0,1,1,0,1
4568,0,0,1,0,0
4569,1,NaN,0,NaN,0
4570,1,NaN,0,0,0
4571,0,NaN,1,1,0
4572,1,0,1,1,0
4573,0,1,1,NaN,0
4574,0,NaN,1,0,0
4575,1,NaN,0,0,0
4576,1,1,0,NaN,0
4577,1,1,1,1,0
4578,0,0,1,0,0
4579,1,0,1,0,0
4580,0,0,1,1,0
4581,1,NaN,1,NaN,1
4582,0,NaN,0,0,1
4583,1,NaN,0,1,0
4584,0,NaN,0,1,1
4585,1,1,1,0,1
4586,0,NaN,0,0,1
4587,0,NaN,0,1,1
4588,0,NaN,0,1,0
4589,0,1,1,NaN,0
4590,1,0,1,0,1
4591,0,0,1,NaN,0
4592,0,NaN,0,NaN,1
4593,0,1,1,1,0
4594,1,1,1,1,0
4595,1,0,0,1,0
4596,0,0,1,NaN,1
4597,0,NaN,0,NaN,0
4598,0,NaN,0,NaN,1
4599,1,0,0,NaN,1
4600,0,0,1,0,1
4601,1,0,1,NaN,1
4602,1,1,0,1,0
4603,0,NaN,1,0,0
4604,1,1,1,NaN,0
4605,1,0,1,NaN,0
4606,0,1,1,1,1
4607,0,NaN,0,1,1
4608,1,1,1,NaN,1
4609,0,1,1,1,0
4610,1,1,0,0,1
4611,0,1,1,1,1
4612,0,1,1,1,0
4613,1,1,1,0,1
4614,0,0,1,1,1
4615,0,1,0,NaN,0
4616,1,NaN,1,NaN,1
4617,1,0,0,0,0
4618,1,1,0,0,0
4619,1,NaN,1,0,1
4620,1,0,0,NaN,1
4621,1,1,1,0,1
4622,1,NaN,1,NaN,0
4623,1,0,0,0,1
4624,0,NaN,0,0,1
4625,0,0,1,0,0
4626,0,0,0,NaN,1
4627,0,1,0,NaN,1
4628,0,0,0,NaN,1
4629,0,0,1,0,0
4630,1,1,1,1,0
4631,1,0,0,NaN,0
4632,1,1,0,1,0
4633,1,1,1,NaN,0
4634,1,0,1,0,0
4635,1,0,1,1,0
4636,1,0,1,NaN,1
4637,1,NaN,0,1,0
4638,0,0,1,1,0
4639,1,1,1,0,1
4640,0,1,1,1,1
4641,0,NaN,0,NaN,0
4642,0,0,0,0,0
4643,0,0,0,NaN,0
4644,0,NaN,0,0,0
4645,0,0,1,1,1
4646,1,NaN,0,NaN,0
4647,1,NaN,1,NaN,1
4648,1,NaN,1,1,1
4649,0,1,1,0,0
4650,0,NaN,0,1,0
4651,1,NaN,0,0,1
4652,1,NaN,1,NaN,1
4653,1,1,1,0,0
4654,0,1,0,NaN,1
4655,1,NaN,0,0,1
4656,1,1,0,NaN,1
4657,0,1,1,0,0
4658,1,1,0,0,1
4659,0,NaN,0,0,0
4660,1,NaN,0,NaN,0
4661,0,1,0,0,0
4662,0,NaN,0,1,1
4663,0,1,1,NaN,0
4664,1,NaN,1,1,1
4665,1,0,0,1,1
4666,0,1,1,NaN,0
4667,0,1,0,0,1
4668,0,1,1,1,0
4669,1,NaN,1,NaN,0
4670,1,1,1,0,0
4671,0,0,0,0,0
4672,0,1,0,NaN,0
4673,1,1,0,1,0
4674,1,1,0,1,0
4675,0,NaN,1,0,0
4676,0,0,0,0,1
4677,0,1,1,0,0
4678,0,NaN,0,NaN,1
4679,0,NaN,0,1,1
4680,0,0,0,0,0
4681,0,NaN,0,NaN,0
4682,0,1,1,0,0
4683,0,0,0,0,0
4684,0,0,1,NaN,0
4685,0,1,1,NaN,0
4686,1,NaN,1,NaN,0
4687,1,0,0,NaN,0
4688,0,1,0,0,1
4689,0,NaN,0,NaN,0
4690,1,1,0,1,1
4691,0,NaN,0,0,0
4692,0,0,0,0,1
4693,0,0,1,0,1
4694,1,1,0,NaN,1
4695,0,1,1,0,1
4696,0,0,0,1,1
4697,1,0,1,0,1
4698,1,NaN,0,0,0
4699,1,0,0,1,1
4700,0,NaN,1,0,0
4701,1,NaN,0,1,0
4702,1,1,1,1,1
4703,0,NaN,0,0,0
4704,0,0,0,0,0
4705,1,NaN,0,0,1
4706,1,0,0,1,1
4707,0,1,1,NaN,1
4708,0,NaN,1,NaN,0
4709,0,0,1,1,0
4710,1,0,0,1,1
4711,1,NaN,0,NaN,0
4712,1,NaN,1,0,0
4713,0,1,1,1,1
4714,0,NaN,0,0,1
4715,0,1,0,0,0
4716,0,1,0,NaN,0
4717,0,0,0,NaN,1
4718,0,1,1,1,0
4719,1,0,1,NaN,1
4720,0,0,1,1,1
4721,1,NaN,1,1,0
4722,1,NaN,1,NaN,0
4723,1,NaN,1,NaN,0
4724,0,0,1,1,0
4725,1,NaN,0,NaN,1
4726,1,0,0,NaN,0
4727,0,0,0,1,0
4728,0,NaN,1,NaN,1
4729,0,0,0,0,0
4730,0,NaN,1,0,1
4731,1,0,1,0,1
4732,1,0,1,NaN,0
4733,1,0,1,1,0
4734,1,0,1,0,0
4735,0,NaN,0,1,0
4736,0,1,0,0,0
4737,1,0,0,1,1
4738,1,NaN,0,1,1
4739,1,NaN,0,0,0
4740,1,1,0,1,0
4741,1,1,1,1,1
4742,0,1,0,1,1
4743,0,NaN,1,1,1
4744,0,NaN,0,1,1
4745,1,1,1,NaN,0
4746,1,1,0,1,0
4747,1,1,1,1,0
4748,1,NaN,1,0,1
4749,0,1,1,0,0
4750,0,1,1,0,0
4751,1,0,1,0,0
4752,0,NaN,0,NaN,0
4753,1,0,1,0,0
4754,1,1,0,NaN,0
4755,1,1,0,0,1
4756,0,1,1,0,1
4757,0,NaN,1,1,1
4758,0,1,1,NaN,1
4759,0,0,0,NaN,0
4760,1,NaN,1,NaN,0
4761,0,1,1,0,1
4762,1,0,0,0,1
4763,0,0,1,NaN,0
4764,1,NaN,1,NaN,1
4765,1,1,1,NaN,0
4766,0,1,0,1,0
4767,1,1,0,1,0
4768,1,0,1,1,0
4769,1,NaN,1,NaN,1
4770,1,0,0,NaN,1
4771,1,1,1,NaN,1
4772,1,1,1,NaN,1
4773,1,NaN,0,NaN,0
4774,1,1,1,NaN,1
4775,0,1,1,1,0
4776,0,1,1,0,0
4777,0,1,0,NaN,0
4778,1,NaN,1,1,1
4779,0,0,0,NaN,0
4780,1,1,1,0,0
4781,0,1,1,NaN,1
4782,0,0,0,NaN,0
4783,0,0,1,0,0
4784,0,0,1,NaN,0
4785,0,0,0,1,1
4786,0,0,0,NaN,0
4787,0,NaN,1,1,1
4788,0,1,0,1,0
4789,0,NaN,0,1,0
4790,0,NaN,0,NaN,0
4791,1,0,0,0,1
4792,0,NaN,1,NaN,1
4793,0,0,0,1,0
4794,0,0,0,1,1
4795,1,NaN,0,NaN,0
4796,0,1,1,NaN,1
4797,1,1,1,1,1
4798,1,1,1,0,1
4799,1,NaN,0,0,0
4800,1,NaN,0,NaN,0
4801,0,0,1,NaN,1
4802,1,NaN,0,0,1
4803,0,1,0,1,1
4804,0,NaN,0,1,1
4805,1,NaN,0,0,1
4806,0,NaN,1,0,0
4807,0,NaN,1,1,0
4808,1,1,0,0,1
4809,1,1,0,NaN,1
4810,0,1,1,NaN,0
4811,1,0,1,NaN,1
4812,0,0,0,0,1
4813,0,1,1,0,0
4814,0,0,0,1,0
4815,1,NaN,0,0,0
4816,0,0,0,NaN,0
4817,1,1,1,NaN,0
4818,1,NaN,1,0,1
4819,0,1,0,1,1
4820,0,NaN,1,1,0
4821,1,0,1,1,0
4822,0,0,0,NaN,0
4823,1,1,1,1,1
4824,1,0,1,0,1
4825,0,NaN,0,0,1
4826,0,1,1,0,1
4827,1,1,0,0,0
4828,0,NaN,1,0,1
4829,0,NaN,0,NaN,0
4830,0,0,0,0,0
4831,0,0,1,1,1
4832,1,1,0,NaN,0
4833,1,0,0,NaN,1
4834,1,1,0,NaN,0
4835,0,NaN,0,1,1
4836,0,0,1,1,0
4837,1,1,0,1,1
4838,0,0,0,1,1
4839,0,NaN,0,NaN,1
4840,0,NaN,1,0,1
4841,1,0,1,1,0
4842,1,1,1,NaN,0
4843,0,0,1,1,1
4844,1,1,1,1,0
4845,1,1,0,1,1
4846,1,0,0,NaN,1
4847,1,NaN,1,0,0
4848,1,0,1,0,1
4849,0,NaN,1,NaN,1
4850,1,NaN,0,0,0
4851,0,0,1,0,1
4852,0,0,0,NaN,0
4853,0,0,1,NaN,0
4854,0,1,0,NaN,1
4855,0,0,1,NaN,0
4856,0,1,1,1,0
4857,1,0,1,1,0
4858,0,1,0,NaN,1
4859,1,1,0,0,0
4860,0,1,1,NaN,1
4861,0,0,1,NaN,1
4862,1,0,1,NaN,0
4863,1,NaN,0,0,1
4864,1,NaN,1,1,0
4865,1,1,1,0,1
4866,1,NaN,1,1,1
4867,0,1,0,1,1
4868,1,NaN,1,0,1
4869,0,1,1,0,1
4870,0,0,0,1,1
4871,0,NaN,1,0,1
4872,1,0,0,NaN,1
4873,0,0,1,NaN,1
4874,0,NaN,1,0,0
4875,0,0,1,NaN,1
4876,0,NaN,0,1,1
4877,1,NaN,1,1,1
4878,1,1,0,1,0
4879,0,NaN,0,1,1
4880,0,1,1,1,1
4881,1,1,1,1,1
4882,0,NaN,0,0,0
4883,0,NaN,0,1,0
4884,1,1,1,0,0
4885,0,0,0,NaN,1
4886,0,1,0,NaN,0
4887,1,NaN,0,1,0
4888,1,1,1,NaN,1
4889,0,1,1,NaN,0
4890,1,1,0,NaN,0
4891,0,NaN,1,1,0
4892,0,0,0,1,0
4893,0,0,0,1,0
4894,0,0,1,1,0
4895,0,1,0,1,0
4896,1,NaN,0,NaN,0
4897,0,NaN,1,0,1
4898,0,0,1,1,0
4899,0,1,0,1,0
4900,0,NaN,0,NaN,1
4901,0,1,0,NaN,0
4902,1,0,0,1,1
4903,0,0,1,0,1
4904,0,NaN,1,0,0
4905,0,0,0,1,1
4906,0,NaN,1,1,0
4907,1,1,1,0,1
4908,1,0,1,1,1
4909,1,NaN,0,1,0
4910,1,0,1,1,1
4911,1,NaN,0,0,0
4912,0,0,1,1,1
4913,1,0,0,NaN,0
4914,0,1,1,1,0
4915,0,NaN,0,0,1
4916,1,NaN,1,0,1
4917,1,NaN,1,1,0
4918,1,1,1,NaN,0
4919,0,NaN,0,NaN,1
4920,1,0,1,NaN,1
4921,0,1,0,1,0
4922,0,0,1,1,1
4923,1,0,0,NaN,0
4924,1,NaN,0,NaN,1
4925,1,0,1,1,0
4926,1,NaN,0,1,0
4927,1,1,1,0,1
4928,0,NaN,0,1,1
4929,1,NaN,0,0,0
4930,1,1,0,0,1
4931,1,1,1,0,1
4932,1,NaN,1,0,1
4933,1,1,0,NaN,0
4934,0,NaN,1,NaN,0
4935,1,NaN,1,1,1
4936,0,NaN,0,0,1
4937,1,1,1,NaN,0
4938,0,0,0,1,1
4939,1,NaN,0,NaN,0
4940,0,1,0,NaN,0
4941,1,NaN,0,1,1
4942,0,NaN,1,1,1
4943,1,0,1,1,1
4944,1,1,0,NaN,0
4945,0,1,1,NaN,1
4946,1,NaN,1,0,0
4947,0,NaN,1,1,1
4948,0,1,0,1,0
4949,0,1,0,1,0
4950,1,NaN,1,0,0
4951,0,1,0,1,0
4952,0,NaN,0,1,1
4953,1,NaN,0,0,1
4954,0,1,1,NaN,1
4955,1,NaN,0,1,1
4956,0,0,1,1,1
4957,1,NaN,1,0,0
4958,1,0,1,0,0
4959,1,1,1,0,0
4960,1,NaN,1,1,1
4961,1,0,0,1,1
4962,0,0,1,0,1
4963,1,1,0,0,0
4964,0,1,0,NaN,1
4965,1,0,1,NaN,1
4966,0,1,0,NaN,0
4967,1,0,0,0,0
4968,0,NaN,0,NaN,1
4969,1,NaN,1,1,0
4970,0,NaN,0,NaN,0
4971,1,NaN,1,1,1
4972,1,0,0,NaN,1
4973,1,1,1,1,0
4974,0,0,1,1,0
4975,0,NaN,1,1,1
4976,1,0,1,NaN,1
4977,1,1,1,NaN,0
4978,1,1,0,1,0
4979,1,NaN,0,1,1
4980,1,1,0,NaN,1
4981,1,NaN,0,1,0
4982,0,0,0,NaN,1
4983,1,NaN,1,1,1
4984,1,0,0,NaN,1
4985,0,NaN,0,NaN,1
4986,0,NaN,0,1,0
4987,1,1,1,0,0
4988,1,0,1,1,0
4989,1,0,1,0,1
4990,1,NaN,0,0,1
4991,1,1,1,0,1
4992,0,NaN,1,NaN,0
4993,1,1,0,NaN,1
4994,1,1,1,0,1
4995,1,0,1,0,1
4996,0,NaN,0,0,0
4997,1,0,1,NaN,1
4998,0,NaN,0,1,1
4999,1,1,0,0,1
5000,1,1,1,1,1
5001,1,NaN,1,1,1
5002,0,1,0,NaN,0
5003,0,1,0,0,0
5004,0,0,0,0,1
5005,0,0,1,0,0
5006,0,0,1,0,0
5007,1,1,0,1,0
5008,1,1,1,0,0
5009,0,1,1,1,1
5010,0,0,0,NaN,0
5011,1,1,1,NaN,0
5012,0,0,1,0,1
5013,0,NaN,0,0,0
5014,0,NaN,1,NaN,1
5015,0,NaN,0,NaN,1
5016,0,0,1,NaN,1
5017,0,NaN,1,0,0
5018,0,0,0,1,1
5019,0,0,1,NaN,0
5020,0,0,1,0,0
5021,0,NaN,0,0,1
5022,1,NaN,0,1,0
5023,1,1,1,NaN,0
5024,1,NaN,0,NaN,0
5025,0,1,1,NaN,1
5026,1,1,1,NaN,1
5027,0,NaN,0,0,1
5028,1,NaN,1,0,0
5029,0,NaN,0,NaN,1
5030,0,1,0,1,1
5031,0,0,1,NaN,0
5032,0,NaN,0,NaN,0
5033,0,NaN,1,1,1
5034,0,1,0,NaN,1
5035,0,0,0,NaN,0
5036,1,1,0,1,0
5037,0,NaN,0,1,0
5038,0,NaN,1,NaN,0
5039,0,NaN,1,0,1
5040,1,0,0,1,0
5041,1,NaN,0,1,1
5042,1,0,1,NaN,0
5043,1,NaN,1,0,0
5044,1,1,0,0,1
5045,0,1,0,1,1
5046,0,NaN,1,NaN,0
5047,1,0,1,0,0
5048,1,NaN,1,1,1
5049,1,0,1,0,1
5050,0,1,0,0,0
5051,0,NaN,1,1,0
5052,0,1,0,1,0
5053,1,1,0,0,0
5054,0,1,0,NaN,0
5055,0,0,1,0,0
5056,0,NaN,1,1,1
5057,1,0,1,0,0
5058,0,0,0,1,0
5059,0,1,0,NaN,1
5060,1,1,0,0,0
5061,0,NaN,0,0,0
5062,0,1,1,NaN,1
5063,1,0,0,1,1
5064,0,0,0,NaN,0
5065,0,1,1,1,0
5066,0,1,0,0,0
5067,0,1,0,0,1
5068,0,0,1,1,1
5069,1,0,1,1,0
5070,1,NaN,0,0,1
5071,1,1,0,0,1
5072,1,NaN,1,0,1
5073,0,1,0,0,1
5074,0,1,1,1,1
5075,0,1,0,1,1
5076,1,NaN,0,NaN,0
5077,1,1,1,NaN,1
5078,1,1,0,NaN,0
5079,0,1,0,NaN,1
5080,1,1,1,1,0
5081,1,NaN,1,1,0
5082,1,1,0,1,1
5083,0,1,0,NaN,1
5084,0,1,1,0,0
5085,0,0,1,1,1
5086,0,NaN,0,NaN,1
5087,1,0,0,1,0
5088,0,1,1,1,1
5089,1,1,1,NaN,0
5090,0,1,1,0,0
5091,0,NaN,1,0,1
5092,0,NaN,0,NaN,1
5093,0,0,0,1,0
5094,0,NaN,1,NaN,1
5095,1,1,0,1,1
5096,0,0,1,1,0
5097,0,NaN,1,1,0
5098,1,1,0,1,1
5099,0,1,0,NaN,0
5100,1,0,1,0,1
5101,0,1,0,0,1
5102,1,1,0,NaN,0
5103,1,NaN,1,0,1
5104,1,1,0,0,0
5105,1,1,0,0,0
5106,1,1,0,0,0
5107,1,0,0,NaN,0
5108,0,0,1,1,1
5109,0,0,0,1,1
5110,0,0,1,NaN,0
5111,0,NaN,1,1,0
5112,0,0,0,1,0
5113,1,0,1,NaN,1
5114,1,NaN,1,1,1
5115,0,NaN,1,NaN,0
5116,1,NaN,0,1,1
5117,1,1,1,1,0
5118,1,0,0,0,1
5119,0,0,1,0,1
5120,1,1,1,1,0
5121,1,1,1,NaN,1
5122,1,1,0,0,1
5123,0,NaN,1,1,1
5124,1,1,1,NaN,0
5125,1,NaN,0,NaN,0
5126,0,0,0,0,1
5127,1,0,0,1,1
5128,1,0,0,0,0
5129,0,0,1,0,1
5130,0,0,1,NaN,1
5131,0,NaN,0,0,1
5132,1,0,1,0,0
5133,0,1,0,NaN,1
5134,0,NaN,0,1,0
5135,0,0,0,1,0
5136,0,0,0,1,1
5137,0,1,1,1,0
5138,0,0,1,1,1
5139,1,0,0,0,1
5140,1,NaN,0,0,1
5141,0,1,0,0,0
5142,0,1,0,NaN,0
5143,1,1,0,0,0
5144,0,1,1,NaN,1
5145,0,NaN,1,0,0
5146,0,0,0,1,1
5147,1,1,1,NaN,1
5148,0,NaN,0,0,1
5149,0,0,1,0,1
5150,0,0,0,1,0
5151,1,0,0,0,0
5152,1,NaN,1,NaN,0
5153,0,1,0,NaN,1
5154,1,1,0,1,1
5155,1,NaN,0,0,1
5156,1,0,0,NaN,0
5157,0,0,1,1,0
5158,1,0,1,0,1
5159,0,0,0,NaN,1
5160,1,NaN,1,0,1
5161,1,NaN,1,NaN,1
5162,0,0,1,1,1
5163,0,0,1,NaN,0
5164,0,NaN,0,NaN,0
5165,1,NaN,1,0,1
5166,0,0,1,NaN,0
5167,0,1,0,NaN,1
5168,1,1,1,0,0
5169,0,0,0,0,1
5170,1,NaN,0,1,1
5171,1,NaN,1,0,1
5172,0,NaN,0,0,0
5173,0,1,1,0,1
5174,1,0,1,1,0
5175,0,0,1,1,1
5176,0,NaN,0,1,1
5177,1,NaN,1,1,0
5178,0,0,1,1,1
5179,0,NaN,0,NaN,0
5180,0,1,1,0,0
5181,0,NaN,1,NaN,1
5182,1,1,0,1,0
5183,1,NaN,0,NaN,0
5184,0,1,0,0,0
5185,1,0,1,1,1
5186,1,0,0,NaN,0
5187,1,0,1,0,0
5188,1,NaN,0,0,1
5189,0,1,1,0,0
5190,1,1,0,NaN,1
5191,0,NaN,0,1,0
5192,1,1,1,0,1
5193,0,1,1,1,0
5194,1,0,0,1,1
5195,1,NaN,0,1,1
5196,0,1,1,1,1
5197,1,0,0,1,1
5198,0,1,0,1,0
5199,1,0,0,0,1
5200,0,NaN,1,NaN,1
5201,0,NaN,0,NaN,0
5202,1,0,1,NaN,1
5203,0,1,0,0,1
5204,0,0,1,1,0
5205,0,1,0,0,1
5206,0,1,1,1,1
5207,1,1,0,0,0
5208,1,1,0,NaN,1
5209,0,1,1,1,0
5210,1,1,0,NaN,0
5211,1,NaN,1,0,1
5212,0,0,1,NaN,1
5213,1,1,0,1,0
5214,1,1,0,0,0
5215,0,1,0,NaN,1
5216,1,1,0,NaN,0
5217,0,NaN,0,1,1
5218,1,0,0,0,0
5219,0,NaN,1,0,0
5220,1,0,1,0,0
5221,0,1,1,1,0
5222,0,NaN,0,1,1
5223,1,1,0,0,0
5224,0,0,1,NaN,1
5225,0,0,1,1,1
5226,1,0,0,0,0
5227,1,0,1,NaN,1
5228,1,0,0,1,0
5229,1,0,0,NaN,1
5230,1,1,1,0,0
5231,0,0,1,1,1
5232,0,NaN,1,1,1